-- phpMyAdmin SQL Dump
-- version 4.9.5
-- https://www.phpmyadmin.net/
--
-- Host: localhost:3306
-- Generation Time: Dec 05, 2020 at 06:27 PM
-- Server version: 5.6.49
-- PHP Version: 7.3.6

SET SQL_MODE = "NO_AUTO_VALUE_ON_ZERO";
SET AUTOCOMMIT = 0;
START TRANSACTION;
SET time_zone = "+00:00";


/*!40101 SET @OLD_CHARACTER_SET_CLIENT=@@CHARACTER_SET_CLIENT */;
/*!40101 SET @OLD_CHARACTER_SET_RESULTS=@@CHARACTER_SET_RESULTS */;
/*!40101 SET @OLD_COLLATION_CONNECTION=@@COLLATION_CONNECTION */;
/*!40101 SET NAMES utf8mb4 */;

--
-- Database: `msabaeia_tameshk`
--

-- --------------------------------------------------------

--
-- Table structure for table `cities`
--

CREATE TABLE `cities` (
  `city_id` bigint(20) UNSIGNED NOT NULL,
  `city_state` int(11) NOT NULL,
  `city_name` varchar(255) COLLATE utf8_persian_ci NOT NULL,
  `city_active` tinyint(1) NOT NULL DEFAULT '0'
) ENGINE=InnoDB DEFAULT CHARSET=utf8 COLLATE=utf8_persian_ci;

--
-- Dumping data for table `cities`
--

INSERT INTO `cities` (`city_id`, `city_state`, `city_name`, `city_active`) VALUES
(1, 11, 'دزفول', 0),
(2, 11, 'اندیمشک', 0);

-- --------------------------------------------------------

--
-- Table structure for table `cities_meta`
--

CREATE TABLE `cities_meta` (
  `city_meta_id` bigint(20) NOT NULL,
  `city_meta_city_id` bigint(20) NOT NULL,
  `city_meta_key` varchar(50) COLLATE utf8_persian_ci NOT NULL,
  `city_meta_value` text COLLATE utf8_persian_ci NOT NULL,
  `city_meta_data` text COLLATE utf8_persian_ci NOT NULL,
  `city_meta_date` datetime NOT NULL,
  `city_meta_active` tinyint(1) NOT NULL DEFAULT '1'
) ENGINE=InnoDB DEFAULT CHARSET=utf8 COLLATE=utf8_persian_ci;

--
-- Dumping data for table `cities_meta`
--

INSERT INTO `cities_meta` (`city_meta_id`, `city_meta_city_id`, `city_meta_key`, `city_meta_value`, `city_meta_data`, `city_meta_date`, `city_meta_active`) VALUES
(1, 1, 'especial_title', 'پیشنهاد ویژه', '', '2017-06-15 14:21:27', 0),
(2, 1, 'especial_title', 'پیشنهاد ویژه', '', '2017-06-16 05:22:30', 0),
(3, 1, 'homeData', '[{&quot;information&quot;:[{&quot;last_version_code&quot;:1,&quot;last_version_code_works&quot;:1,&quot;uploads&quot;:&quot;http://msabaeian.ir/Tameshk/uploads/&quot;}]},{&quot;top_splash&quot;:[]},{&quot;bottom_splash&quot;:[]},{&quot;especial&quot;:[{&quot;ename&quot;:&quot;پیشنهاد ویژه&quot;}]},{&quot;on-sale&quot;:[]}]', '', '2017-06-16 05:23:21', 0),
(4, 1, 'top_splash', 'http://s9.picofile.com/file/8297900092/1.jpg', 'section:1', '2017-06-16 05:24:55', 0),
(5, 1, 'homeData', '[{&quot;information&quot;:[{&quot;last_version_code&quot;:1,&quot;last_version_code_works&quot;:1,&quot;uploads&quot;:&quot;http://msabaeian.ir/Tameshk/uploads/&quot;}]},{&quot;top_splash&quot;:[{&quot;type&quot;:&quot;section&quot;,&quot;id&quot;:&quot;1&quot;}]},{&quot;bottom_splash&quot;:[]},{&quot;especial&quot;:[{&quot;ename&quot;:&quot;پیشنهاد ویژه&quot;}]},{&quot;on-sale&quot;:[]}]', '', '2017-06-16 05:25:10', 0),
(6, 1, 'homeData', '[{&quot;information&quot;:[{&quot;last_version_code&quot;:1,&quot;last_version_code_works&quot;:1,&quot;uploads&quot;:&quot;http:\\/\\/msabaeian.ir\\/Tameshk\\/uploads\\/&quot;}]},{&quot;top_splash&quot;:[{&quot;type&quot;:&quot;section&quot;,&quot;id&quot;:&quot;1&quot;}]},{&quot;bottom_splash&quot;:[]},{&quot;especial&quot;:[{&quot;ename&quot;:&quot;پیشنهاد ویژه&quot;}]},{&quot;on-sale&quot;:[]}]', '', '2017-06-16 05:43:51', 0),
(7, 1, 'homeData', '[{&quot;information&quot;:[{&quot;last_version_code&quot;:1,&quot;last_version_code_works&quot;:1,&quot;uploads&quot;:&quot;http:\\/\\/msabaeian.ir\\/Tameshk\\/uploads\\/&quot;}]},{&quot;top_splash&quot;:[{&quot;type&quot;:&quot;section&quot;,&quot;id&quot;:&quot;1&quot;}]},{&quot;bottom_splash&quot;:[]},{&quot;especial&quot;:[{&quot;ename&quot;:&quot;پیشنهاد ویژه&quot;}]},{&quot;on-sale&quot;:[]}]', '', '2017-06-16 05:44:00', 0),
(8, 1, 'homeData', '[{&quot;information&quot;:[{&quot;last_version_code&quot;:1,&quot;last_version_code_works&quot;:1,&quot;uploads&quot;:&quot;http:\\/\\/msabaeian.ir\\/Tameshk\\/uploads\\/&quot;}]},{&quot;top_splash&quot;:[{&quot;type&quot;:&quot;section&quot;,&quot;id&quot;:&quot;1&quot;}]},{&quot;bottom_splash&quot;:[]},{&quot;especial&quot;:[{&quot;ename&quot;:&quot;\\u067e\\u06cc\\u0634\\u0646\\u0647\\u0627\\u062f \\u0648\\u06cc\\u0698\\u0647&quot;}]},{&quot;on-sale&quot;:[]}]', '', '2017-06-16 05:44:29', 0),
(9, 1, 'homeData', 'W3siaW5mb3JtYXRpb24iOlt7Imxhc3RfdmVyc2lvbl9jb2RlIjoxLCJsYXN0X3ZlcnNpb25fY29kZV93b3JrcyI6MSwidXBsb2FkcyI6Imh0dHA6XC9cL21zYWJhZWlhbi5pclwvVGFtZXNoa1wvdXBsb2Fkc1wvIn1dfSx7InRvcF9zcGxhc2giOlt7InR5cGUiOiJzZWN0aW9uIiwiaWQiOiIxIn1dfSx7ImJvdHRvbV9zcGxhc2giOltdfSx7ImVzcGVjaWFsIjpbeyJlbmFtZSI6Itm+24zYtNmG2YfYp9ivINmI24zamNmHIn1dfSx7Im9uLXNhbGUiOltdfV0=', '', '2017-06-16 05:49:30', 0),
(10, 1, 'top_splash', 'http://s9.picofile.com/file/8297904118/2.jpg', 'section:2', '2017-06-16 08:39:43', 0),
(11, 1, 'homeData', 'W3sidG9wX3NwbGFzaCI6W3sidHlwZSI6InNlY3Rpb24iLCJpZCI6IjEifSx7InR5cGUiOiJzZWN0aW9uIiwiaWQiOiIyIn1dfSx7ImJvdHRvbV9zcGxhc2giOltdfSx7ImVzcGVjaWFsIjpbeyJlbmFtZSI6Itm+24zYtNmG2YfYp9ivINmI24zamNmHIn0seyJpIjoiMTUiLCJwIjoiMTMwMDAiLCJucCI6IjIwMDAiLCJuIjoi2LTbjNix24zZhtuMINiv2KfZhtmF2KfYsdqp24wiLCJpbSI6ImltYWdlLTIwMTctMDYtMTYtMDUtMzQ0Ni0tMTIxLmpwZyJ9LHsiaSI6IjIwIiwicCI6IjkwMDAiLCJucCI6IjkwMDAiLCJuIjoi2qnZiNqp2KrZhCIsImltIjoiaW1hZ2UtMjAxNy0wNi0xNi0wNS0zOTM1LS1VbnRpdGxlZC0xKDQyKS5qcGcifSx7ImkiOiIyMSIsInAiOiI2MDAwIiwibnAiOiI2MDAwIiwibiI6Itiq24zYsdin2YXbjNiz2YgiLCJpbSI6ImltYWdlLTIwMTctMDYtMTYtMDUtNDAzNS0tMTkxMTQuanBnIn0seyJpIjoiMjIiLCJwIjoiOTUwMCIsIm5wIjoiOTUwMCIsIm4iOiLaqduM2qkg24zYrtqG2KfZhNuMIiwiaW0iOiJpbWFnZS0yMDE3LTA2LTE2LTA1LTQxMTItLWZvMzMzMy5qcGcifV19LHsib24tc2FsZSI6W119XQ==', '', '2017-06-16 08:39:49', 0),
(12, 1, 'top_splash', 'http://s9.picofile.com/file/8297904134/2_5df2.png', 'shop:1', '2017-06-16 08:41:26', 0),
(13, 1, 'homeData', 'W3sidG9wX3NwbGFzaCI6W3sidHlwZSI6InNlY3Rpb24iLCJpZCI6IjEifSx7InR5cGUiOiJzZWN0aW9uIiwiaWQiOiIyIn0seyJ0eXBlIjoic2hvcCIsImlkIjoiMSJ9XX0seyJib3R0b21fc3BsYXNoIjpbXX0seyJlc3BlY2lhbCI6W3siZW5hbWUiOiLZvtuM2LTZhtmH2KfYryDZiNuM2pjZhyJ9LHsiaSI6IjE1IiwicCI6IjEzMDAwIiwibnAiOiIyMDAwIiwibiI6Iti024zYsduM2YbbjCDYr9in2YbZhdin2LHaqduMIiwiaW0iOiJpbWFnZS0yMDE3LTA2LTE2LTA1LTM0NDYtLTEyMS5qcGcifSx7ImkiOiIyMCIsInAiOiI5MDAwIiwibnAiOiI5MDAwIiwibiI6Itqp2Yjaqdiq2YQiLCJpbSI6ImltYWdlLTIwMTctMDYtMTYtMDUtMzkzNS0tVW50aXRsZWQtMSg0MikuanBnIn0seyJpIjoiMjEiLCJwIjoiNjAwMCIsIm5wIjoiNjAwMCIsIm4iOiLYqtuM2LHYp9mF24zYs9mIIiwiaW0iOiJpbWFnZS0yMDE3LTA2LTE2LTA1LTQwMzUtLTE5MTE0LmpwZyJ9LHsiaSI6IjIyIiwicCI6Ijk1MDAiLCJucCI6Ijk1MDAiLCJuIjoi2qnbjNqpINuM2K7ahtin2YTbjCIsImltIjoiaW1hZ2UtMjAxNy0wNi0xNi0wNS00MTEyLS1mbzMzMzMuanBnIn1dfSx7Im9uLXNhbGUiOltdfV0=', '', '2017-06-16 08:41:29', 0),
(14, 1, 'top_splash', 'http://s9.picofile.com/file/8297904184/3.jpg', 'category:23 ', '2017-06-16 08:43:07', 0),
(15, 1, 'homeData', 'W3sidG9wX3NwbGFzaCI6W3sidHlwZSI6InNlY3Rpb24iLCJpZCI6IjEifSx7InR5cGUiOiJzZWN0aW9uIiwiaWQiOiIyIn0seyJ0eXBlIjoic2hvcCIsImlkIjoiMSJ9LHsidHlwZSI6ImNhdGVnb3J5IiwiaWQiOiIyMyAifV19LHsiYm90dG9tX3NwbGFzaCI6W119LHsiZXNwZWNpYWwiOlt7ImVuYW1lIjoi2b7bjNi02YbZh9in2K8g2YjbjNqY2YcifSx7ImkiOiIxNSIsInAiOiIxMzAwMCIsIm5wIjoiMjAwMCIsIm4iOiLYtNuM2LHbjNmG24wg2K/Yp9mG2YXYp9ix2qnbjCIsImltIjoiaW1hZ2UtMjAxNy0wNi0xNi0wNS0zNDQ2LS0xMjEuanBnIn0seyJpIjoiMjAiLCJwIjoiOTAwMCIsIm5wIjoiOTAwMCIsIm4iOiLaqdmI2qnYqtmEIiwiaW0iOiJpbWFnZS0yMDE3LTA2LTE2LTA1LTM5MzUtLVVudGl0bGVkLTEoNDIpLmpwZyJ9LHsiaSI6IjIxIiwicCI6IjYwMDAiLCJucCI6IjYwMDAiLCJuIjoi2KrbjNix2KfZhduM2LPZiCIsImltIjoiaW1hZ2UtMjAxNy0wNi0xNi0wNS00MDM1LS0xOTExNC5qcGcifSx7ImkiOiIyMiIsInAiOiI5NTAwIiwibnAiOiI5NTAwIiwibiI6Itqp24zaqSDbjNiu2obYp9mE24wiLCJpbSI6ImltYWdlLTIwMTctMDYtMTYtMDUtNDExMi0tZm8zMzMzLmpwZyJ9XX0seyJvbi1zYWxlIjpbXX1d', '', '2017-06-16 08:43:10', 0),
(16, 1, 'top_splash', 'https://www.google.com/url?sa=i&amp;amp;amp;rct=j&amp;amp;amp;q=&amp;amp;amp;esrc=s&amp;amp;amp;source=images&amp;amp;amp;cd=&amp;amp;amp;cad=rja&amp;amp;amp;uact=8&amp;amp;amp;ved=0ahUKEwja08-dwMHUAhWL7BQKHbjMDdEQjRwIBw&amp;amp;amp;url=http%3A%2F%2Fwww.molfettalive.it%2Fsport%2Fcalcio%2F446327%2Fviaggio-tra-le-promesse-del-calcio-molfettese&amp;amp;amp;psig=AFQjCNG_HiMuu-kkUlxv4-EXJ4cPkIRCwg&amp;amp;amp;ust=1497672825240470', 'link:varzesh3.com', '2017-06-16 08:44:12', 0),
(17, 1, 'top_splash', 'http://cdn.livenetwork.it/news/446327/gallery/1848523_e6e5d2_767x372.jpg', 'link:varzesh3.com', '2017-06-16 08:44:54', 1),
(18, 1, 'homeData', 'W3sidG9wX3NwbGFzaCI6W3sidHlwZSI6InNlY3Rpb24iLCJpZCI6IjEifSx7InR5cGUiOiJzZWN0aW9uIiwiaWQiOiIyIn0seyJ0eXBlIjoic2hvcCIsImlkIjoiMSJ9LHsidHlwZSI6ImNhdGVnb3J5IiwiaWQiOiIyMyAifSx7InR5cGUiOiJsaW5rIiwiaWQiOiJ2YXJ6ZXNoMy5jb20ifV19LHsiYm90dG9tX3NwbGFzaCI6W119LHsiZXNwZWNpYWwiOlt7ImVuYW1lIjoi2b7bjNi02YbZh9in2K8g2YjbjNqY2YcifSx7ImkiOiIxNSIsInAiOiIxMzAwMCIsIm5wIjoiMjAwMCIsIm4iOiLYtNuM2LHbjNmG24wg2K/Yp9mG2YXYp9ix2qnbjCIsImltIjoiaW1hZ2UtMjAxNy0wNi0xNi0wNS0zNDQ2LS0xMjEuanBnIn0seyJpIjoiMjAiLCJwIjoiOTAwMCIsIm5wIjoiOTAwMCIsIm4iOiLaqdmI2qnYqtmEIiwiaW0iOiJpbWFnZS0yMDE3LTA2LTE2LTA1LTM5MzUtLVVudGl0bGVkLTEoNDIpLmpwZyJ9LHsiaSI6IjIxIiwicCI6IjYwMDAiLCJucCI6IjYwMDAiLCJuIjoi2KrbjNix2KfZhduM2LPZiCIsImltIjoiaW1hZ2UtMjAxNy0wNi0xNi0wNS00MDM1LS0xOTExNC5qcGcifSx7ImkiOiIyMiIsInAiOiI5NTAwIiwibnAiOiI5NTAwIiwibiI6Itqp24zaqSDbjNiu2obYp9mE24wiLCJpbSI6ImltYWdlLTIwMTctMDYtMTYtMDUtNDExMi0tZm8zMzMzLmpwZyJ9XX0seyJvbi1zYWxlIjpbXX1d', '', '2017-06-16 08:44:56', 0),
(19, 1, 'bottom_splash', 'http://www.sanaricafoods.com/images/banner5.png', 'shop:2', '2017-06-16 08:46:10', 0),
(20, 1, 'homeData', 'W3sidG9wX3NwbGFzaCI6W3sidHlwZSI6InNlY3Rpb24iLCJpZCI6IjEifSx7InR5cGUiOiJzZWN0aW9uIiwiaWQiOiIyIn0seyJ0eXBlIjoic2hvcCIsImlkIjoiMSJ9LHsidHlwZSI6ImNhdGVnb3J5IiwiaWQiOiIyMyAifSx7InR5cGUiOiJsaW5rIiwiaWQiOiJ2YXJ6ZXNoMy5jb20ifV19LHsiYm90dG9tX3NwbGFzaCI6W3sidHlwZSI6InNob3AiLCJpZCI6IjIifV19LHsiZXNwZWNpYWwiOlt7ImVuYW1lIjoi2b7bjNi02YbZh9in2K8g2YjbjNqY2YcifSx7ImkiOiIxNSIsInAiOiIxMzAwMCIsIm5wIjoiMjAwMCIsIm4iOiLYtNuM2LHbjNmG24wg2K/Yp9mG2YXYp9ix2qnbjCIsImltIjoiaW1hZ2UtMjAxNy0wNi0xNi0wNS0zNDQ2LS0xMjEuanBnIn0seyJpIjoiMjAiLCJwIjoiOTAwMCIsIm5wIjoiOTAwMCIsIm4iOiLaqdmI2qnYqtmEIiwiaW0iOiJpbWFnZS0yMDE3LTA2LTE2LTA1LTM5MzUtLVVudGl0bGVkLTEoNDIpLmpwZyJ9LHsiaSI6IjIxIiwicCI6IjYwMDAiLCJucCI6IjYwMDAiLCJuIjoi2KrbjNix2KfZhduM2LPZiCIsImltIjoiaW1hZ2UtMjAxNy0wNi0xNi0wNS00MDM1LS0xOTExNC5qcGcifSx7ImkiOiIyMiIsInAiOiI5NTAwIiwibnAiOiI5NTAwIiwibiI6Itqp24zaqSDbjNiu2obYp9mE24wiLCJpbSI6ImltYWdlLTIwMTctMDYtMTYtMDUtNDExMi0tZm8zMzMzLmpwZyJ9XX0seyJvbi1zYWxlIjpbXX1d', '', '2017-06-16 08:46:13', 0),
(21, 1, 'bottom_splash', 'http://ofrf.org/sites/ofrf.org/files/food-safety-banner.jpg', 'section:3', '2017-06-16 08:46:52', 0),
(22, 1, 'homeData', 'W3sidG9wX3NwbGFzaCI6W3sidHlwZSI6InNlY3Rpb24iLCJpZCI6IjEifSx7InR5cGUiOiJzZWN0aW9uIiwiaWQiOiIyIn0seyJ0eXBlIjoic2hvcCIsImlkIjoiMSJ9LHsidHlwZSI6ImNhdGVnb3J5IiwiaWQiOiIyMyAifSx7InR5cGUiOiJsaW5rIiwiaWQiOiJ2YXJ6ZXNoMy5jb20ifV19LHsiYm90dG9tX3NwbGFzaCI6W3sidHlwZSI6InNob3AiLCJpZCI6IjIifSx7InR5cGUiOiJzZWN0aW9uIiwiaWQiOiIzIn1dfSx7ImVzcGVjaWFsIjpbeyJlbmFtZSI6Itm+24zYtNmG2YfYp9ivINmI24zamNmHIn0seyJpIjoiMTUiLCJwIjoiMTMwMDAiLCJucCI6IjIwMDAiLCJuIjoi2LTbjNix24zZhtuMINiv2KfZhtmF2KfYsdqp24wiLCJpbSI6ImltYWdlLTIwMTctMDYtMTYtMDUtMzQ0Ni0tMTIxLmpwZyJ9LHsiaSI6IjIwIiwicCI6IjkwMDAiLCJucCI6IjkwMDAiLCJuIjoi2qnZiNqp2KrZhCIsImltIjoiaW1hZ2UtMjAxNy0wNi0xNi0wNS0zOTM1LS1VbnRpdGxlZC0xKDQyKS5qcGcifSx7ImkiOiIyMSIsInAiOiI2MDAwIiwibnAiOiI2MDAwIiwibiI6Itiq24zYsdin2YXbjNiz2YgiLCJpbSI6ImltYWdlLTIwMTctMDYtMTYtMDUtNDAzNS0tMTkxMTQuanBnIn0seyJpIjoiMjIiLCJwIjoiOTUwMCIsIm5wIjoiOTUwMCIsIm4iOiLaqduM2qkg24zYrtqG2KfZhNuMIiwiaW0iOiJpbWFnZS0yMDE3LTA2LTE2LTA1LTQxMTItLWZvMzMzMy5qcGcifV19LHsib24tc2FsZSI6W119XQ==', '', '2017-06-16 08:47:00', 0),
(23, 1, 'homeData', 'W3sidG9wX3NwbGFzaCI6W3siYiI6Imh0dHA6XC9cL3M5LnBpY29maWxlLmNvbVwvZmlsZVwvODI5NzkwMDA5MlwvMS5qcGciLCJ0Ijoic2VjdGlvbiIsImkiOiIxIn0seyJiIjoiaHR0cDpcL1wvczkucGljb2ZpbGUuY29tXC9maWxlXC84Mjk3OTA0MTE4XC8yLmpwZyIsInQiOiJzZWN0aW9uIiwiaSI6IjIifSx7ImIiOiJodHRwOlwvXC9zOS5waWNvZmlsZS5jb21cL2ZpbGVcLzgyOTc5MDQxMzRcLzJfNWRmMi5wbmciLCJ0Ijoic2hvcCIsImkiOiIxIn0seyJiIjoiaHR0cDpcL1wvczkucGljb2ZpbGUuY29tXC9maWxlXC84Mjk3OTA0MTg0XC8zLmpwZyIsInQiOiJjYXRlZ29yeSIsImkiOiIyMyAifSx7ImIiOiJodHRwOlwvXC9jZG4ubGl2ZW5ldHdvcmsuaXRcL25ld3NcLzQ0NjMyN1wvZ2FsbGVyeVwvMTg0ODUyM19lNmU1ZDJfNzY3eDM3Mi5qcGciLCJ0IjoibGluayIsImkiOiJ2YXJ6ZXNoMy5jb20ifV19LHsiYm90dG9tX3NwbGFzaCI6W3siYiI6Imh0dHA6XC9cL3d3dy5zYW5hcmljYWZvb2RzLmNvbVwvaW1hZ2VzXC9iYW5uZXI1LnBuZyIsInQiOiJzaG9wIiwiaSI6IjIifSx7ImIiOiJodHRwOlwvXC9vZnJmLm9yZ1wvc2l0ZXNcL29mcmYub3JnXC9maWxlc1wvZm9vZC1zYWZldHktYmFubmVyLmpwZyIsInQiOiJzZWN0aW9uIiwiaSI6IjMifV19LHsiZXNwZWNpYWwiOlt7ImVuYW1lIjoi2b7bjNi02YbZh9in2K8g2YjbjNqY2YcifSx7ImkiOiIxNSIsInAiOiIxMzAwMCIsIm5wIjoiMjAwMCIsIm4iOiLYtNuM2LHbjNmG24wg2K/Yp9mG2YXYp9ix2qnbjCIsImltIjoiaW1hZ2UtMjAxNy0wNi0xNi0wNS0zNDQ2LS0xMjEuanBnIn0seyJpIjoiMjAiLCJwIjoiOTAwMCIsIm5wIjoiOTAwMCIsIm4iOiLaqdmI2qnYqtmEIiwiaW0iOiJpbWFnZS0yMDE3LTA2LTE2LTA1LTM5MzUtLVVudGl0bGVkLTEoNDIpLmpwZyJ9LHsiaSI6IjIxIiwicCI6IjYwMDAiLCJucCI6IjYwMDAiLCJuIjoi2KrbjNix2KfZhduM2LPZiCIsImltIjoiaW1hZ2UtMjAxNy0wNi0xNi0wNS00MDM1LS0xOTExNC5qcGcifSx7ImkiOiIyMiIsInAiOiI5NTAwIiwibnAiOiI5NTAwIiwibiI6Itqp24zaqSDbjNiu2obYp9mE24wiLCJpbSI6ImltYWdlLTIwMTctMDYtMTYtMDUtNDExMi0tZm8zMzMzLmpwZyJ9XX0seyJvbi1zYWxlIjpbXX1d', '', '2017-06-17 02:06:47', 0),
(24, 1, 'homeData', 'W3sidG9wX3NwbGFzaCI6W3siYiI6Imh0dHA6XC9cL3M5LnBpY29maWxlLmNvbVwvZmlsZVwvODI5NzkwMDA5MlwvMS5qcGciLCJ0Ijoic2VjdGlvbiIsImkiOiIxIn0seyJiIjoiaHR0cDpcL1wvczkucGljb2ZpbGUuY29tXC9maWxlXC84Mjk3OTA0MTE4XC8yLmpwZyIsInQiOiJzZWN0aW9uIiwiaSI6IjIifSx7ImIiOiJodHRwOlwvXC9zOS5waWNvZmlsZS5jb21cL2ZpbGVcLzgyOTc5MDQxMzRcLzJfNWRmMi5wbmciLCJ0Ijoic2hvcCIsImkiOiIxIn0seyJiIjoiaHR0cDpcL1wvczkucGljb2ZpbGUuY29tXC9maWxlXC84Mjk3OTA0MTg0XC8zLmpwZyIsInQiOiJjYXRlZ29yeSIsImkiOiIyMyAifSx7ImIiOiJodHRwOlwvXC9jZG4ubGl2ZW5ldHdvcmsuaXRcL25ld3NcLzQ0NjMyN1wvZ2FsbGVyeVwvMTg0ODUyM19lNmU1ZDJfNzY3eDM3Mi5qcGciLCJ0IjoibGluayIsImkiOiJ2YXJ6ZXNoMy5jb20ifV19LHsiYm90dG9tX3NwbGFzaCI6W3siYiI6Imh0dHA6XC9cL3d3dy5zYW5hcmljYWZvb2RzLmNvbVwvaW1hZ2VzXC9iYW5uZXI1LnBuZyIsInQiOiJzaG9wIiwiaSI6IjIifSx7ImIiOiJodHRwOlwvXC9vZnJmLm9yZ1wvc2l0ZXNcL29mcmYub3JnXC9maWxlc1wvZm9vZC1zYWZldHktYmFubmVyLmpwZyIsInQiOiJzZWN0aW9uIiwiaSI6IjMifV19LHsiZXNwZWNpYWwiOlt7ImVuYW1lIjoi2b7bjNi02YbZh9in2K8g2YjbjNqY2YcifSx7ImkiOiIxNSIsInAiOiIxMzAwMCIsIm5wIjoiMjAwMCIsIm4iOiLYtNuM2LHbjNmG24wg2K/Yp9mG2YXYp9ix2qnbjCIsImltIjoiaW1hZ2UtMjAxNy0wNi0xNi0wNS0zNDQ2LS0xMjEuanBnIn0seyJpIjoiMjAiLCJwIjoiOTAwMCIsIm5wIjoiOTAwMCIsIm4iOiLaqdmI2qnYqtmEIiwiaW0iOiJpbWFnZS0yMDE3LTA2LTE2LTA1LTM5MzUtLVVudGl0bGVkLTEoNDIpLmpwZyJ9LHsiaSI6IjIxIiwicCI6IjYwMDAiLCJucCI6IjYwMDAiLCJuIjoi2KrbjNix2KfZhduM2LPZiCIsImltIjoiaW1hZ2UtMjAxNy0wNi0xNi0wNS00MDM1LS0xOTExNC5qcGcifSx7ImkiOiIyMiIsInAiOiI5NTAwIiwibnAiOiI5NTAwIiwibiI6Itqp24zaqSDbjNiu2obYp9mE24wiLCJpbSI6ImltYWdlLTIwMTctMDYtMTYtMDUtNDExMi0tZm8zMzMzLmpwZyJ9XX0seyJvbi1zYWxlIjpbXX1d', '', '2017-06-17 03:15:48', 0),
(25, 1, 'homeData', 'W3sidG9wX3NwbGFzaCI6W3siYiI6Imh0dHA6XC9cL3M5LnBpY29maWxlLmNvbVwvZmlsZVwvODI5NzkwMDA5MlwvMS5qcGciLCJ0Ijoic2VjdGlvbiIsImkiOiIxIn0seyJiIjoiaHR0cDpcL1wvczkucGljb2ZpbGUuY29tXC9maWxlXC84Mjk3OTA0MTE4XC8yLmpwZyIsInQiOiJzZWN0aW9uIiwiaSI6IjIifSx7ImIiOiJodHRwOlwvXC9zOS5waWNvZmlsZS5jb21cL2ZpbGVcLzgyOTc5MDQxMzRcLzJfNWRmMi5wbmciLCJ0Ijoic2hvcCIsImkiOiIxIn0seyJiIjoiaHR0cDpcL1wvczkucGljb2ZpbGUuY29tXC9maWxlXC84Mjk3OTA0MTg0XC8zLmpwZyIsInQiOiJjYXRlZ29yeSIsImkiOiIyMyAifSx7ImIiOiJodHRwOlwvXC9jZG4ubGl2ZW5ldHdvcmsuaXRcL25ld3NcLzQ0NjMyN1wvZ2FsbGVyeVwvMTg0ODUyM19lNmU1ZDJfNzY3eDM3Mi5qcGciLCJ0IjoibGluayIsImkiOiJ2YXJ6ZXNoMy5jb20ifV19LHsiYm90dG9tX3NwbGFzaCI6W3siYiI6Imh0dHA6XC9cL3d3dy5zYW5hcmljYWZvb2RzLmNvbVwvaW1hZ2VzXC9iYW5uZXI1LnBuZyIsInQiOiJzaG9wIiwiaSI6IjIifSx7ImIiOiJodHRwOlwvXC9vZnJmLm9yZ1wvc2l0ZXNcL29mcmYub3JnXC9maWxlc1wvZm9vZC1zYWZldHktYmFubmVyLmpwZyIsInQiOiJzZWN0aW9uIiwiaSI6IjMifV19LHsiZXNwZWNpYWwiOlt7ImVuYW1lIjoi2b7bjNi02YbZh9in2K8g2YjbjNqY2YcifSx7ImkiOiIxNSIsInAiOiIxMzAwMCIsIm5wIjoiMjAwMCIsIm4iOiLYtNuM2LHbjNmG24wg2K/Yp9mG2YXYp9ix2qnbjCIsImltIjoiaHR0cDpcL1wvbXNhYmFlaWFuLmlyXC9UYW1lc2hrXC91cGxvYWRzXC9pbWFnZS0yMDE3LTA2LTE2LTA1LTM0NDYtLTEyMS5qcGcifSx7ImkiOiIyMCIsInAiOiI5MDAwIiwibnAiOiI5MDAwIiwibiI6Itqp2Yjaqdiq2YQiLCJpbSI6Imh0dHA6XC9cL21zYWJhZWlhbi5pclwvVGFtZXNoa1wvdXBsb2Fkc1wvaW1hZ2UtMjAxNy0wNi0xNi0wNS0zOTM1LS1VbnRpdGxlZC0xKDQyKS5qcGcifSx7ImkiOiIyMSIsInAiOiI2MDAwIiwibnAiOiI2MDAwIiwibiI6Itiq24zYsdin2YXbjNiz2YgiLCJpbSI6Imh0dHA6XC9cL21zYWJhZWlhbi5pclwvVGFtZXNoa1wvdXBsb2Fkc1wvaW1hZ2UtMjAxNy0wNi0xNi0wNS00MDM1LS0xOTExNC5qcGcifSx7ImkiOiIyMiIsInAiOiI5NTAwIiwibnAiOiI5NTAwIiwibiI6Itqp24zaqSDbjNiu2obYp9mE24wiLCJpbSI6Imh0dHA6XC9cL21zYWJhZWlhbi5pclwvVGFtZXNoa1wvdXBsb2Fkc1wvaW1hZ2UtMjAxNy0wNi0xNi0wNS00MTEyLS1mbzMzMzMuanBnIn1dfSx7Im9uLXNhbGUiOltdfV0=', '', '2017-06-17 03:17:11', 0),
(26, 1, 'homeData', 'W3sidG9wX3NwbGFzaCI6W3siYiI6Imh0dHA6XC9cL3M5LnBpY29maWxlLmNvbVwvZmlsZVwvODI5NzkwMDA5MlwvMS5qcGciLCJ0Ijoic2VjdGlvbiIsImkiOiIxIn0seyJiIjoiaHR0cDpcL1wvczkucGljb2ZpbGUuY29tXC9maWxlXC84Mjk3OTA0MTE4XC8yLmpwZyIsInQiOiJzZWN0aW9uIiwiaSI6IjIifSx7ImIiOiJodHRwOlwvXC9zOS5waWNvZmlsZS5jb21cL2ZpbGVcLzgyOTc5MDQxMzRcLzJfNWRmMi5wbmciLCJ0Ijoic2hvcCIsImkiOiIxIn0seyJiIjoiaHR0cDpcL1wvczkucGljb2ZpbGUuY29tXC9maWxlXC84Mjk3OTA0MTg0XC8zLmpwZyIsInQiOiJjYXRlZ29yeSIsImkiOiIyMyAifSx7ImIiOiJodHRwOlwvXC9jZG4ubGl2ZW5ldHdvcmsuaXRcL25ld3NcLzQ0NjMyN1wvZ2FsbGVyeVwvMTg0ODUyM19lNmU1ZDJfNzY3eDM3Mi5qcGciLCJ0IjoibGluayIsImkiOiJ2YXJ6ZXNoMy5jb20ifV19LHsiYm90dG9tX3NwbGFzaCI6W3siYiI6Imh0dHA6XC9cL3d3dy5zYW5hcmljYWZvb2RzLmNvbVwvaW1hZ2VzXC9iYW5uZXI1LnBuZyIsInQiOiJzaG9wIiwiaSI6IjIifSx7ImIiOiJodHRwOlwvXC9vZnJmLm9yZ1wvc2l0ZXNcL29mcmYub3JnXC9maWxlc1wvZm9vZC1zYWZldHktYmFubmVyLmpwZyIsInQiOiJzZWN0aW9uIiwiaSI6IjMifV19LHsiZXNwZWNpYWwiOlt7ImVuYW1lIjoi2b7bjNi02YbZh9in2K8g2YjbjNqY2YcifSx7ImkiOiIxNSIsInAiOiIxMzAwMCIsIm5wIjoiMjAwMCIsIm4iOiLYtNuM2LHbjNmG24wg2K/Yp9mG2YXYp9ix2qnbjCIsImltIjoiaHR0cDpcL1wvbXNhYmFlaWFuLmlyXC9UYW1lc2hrXC91cGxvYWRzXC9pbWFnZS0yMDE3LTA2LTE2LTA1LTM0NDYtLTEyMS5qcGcifSx7ImkiOiIyMCIsInAiOiI5MDAwIiwibnAiOiI5MDAwIiwibiI6Itqp2Yjaqdiq2YQiLCJpbSI6Imh0dHA6XC9cL21zYWJhZWlhbi5pclwvVGFtZXNoa1wvdXBsb2Fkc1wvaW1hZ2UtMjAxNy0wNi0xNi0wNS0zOTM1LS1VbnRpdGxlZC0xKDQyKS5qcGcifSx7ImkiOiIyMSIsInAiOiI2MDAwIiwibnAiOiI2MDAwIiwibiI6Itiq24zYsdin2YXbjNiz2YgiLCJpbSI6Imh0dHA6XC9cL21zYWJhZWlhbi5pclwvVGFtZXNoa1wvdXBsb2Fkc1wvaW1hZ2UtMjAxNy0wNi0xNi0wNS00MDM1LS0xOTExNC5qcGcifSx7ImkiOiIyMiIsInAiOiI5NTAwIiwibnAiOiI5NTAwIiwibiI6Itqp24zaqSDbjNiu2obYp9mE24wiLCJpbSI6Imh0dHA6XC9cL21zYWJhZWlhbi5pclwvVGFtZXNoa1wvdXBsb2Fkc1wvaW1hZ2UtMjAxNy0wNi0xNi0wNS00MTEyLS1mbzMzMzMuanBnIn1dfSx7Im9uLXNhbGUiOltdfV0=', '', '2017-06-17 03:23:35', 0),
(27, 1, 'homeData', 'W3sidG9wX3NwbGFzaCI6W3siYiI6Imh0dHA6XC9cL3M5LnBpY29maWxlLmNvbVwvZmlsZVwvODI5NzkwMDA5MlwvMS5qcGciLCJ0Ijoic2VjdGlvbiIsImkiOiIxIn0seyJiIjoiaHR0cDpcL1wvczkucGljb2ZpbGUuY29tXC9maWxlXC84Mjk3OTA0MTE4XC8yLmpwZyIsInQiOiJzZWN0aW9uIiwiaSI6IjIifSx7ImIiOiJodHRwOlwvXC9zOS5waWNvZmlsZS5jb21cL2ZpbGVcLzgyOTc5MDQxMzRcLzJfNWRmMi5wbmciLCJ0Ijoic2hvcCIsImkiOiIxIn0seyJiIjoiaHR0cDpcL1wvczkucGljb2ZpbGUuY29tXC9maWxlXC84Mjk3OTA0MTg0XC8zLmpwZyIsInQiOiJjYXRlZ29yeSIsImkiOiIyMyAifSx7ImIiOiJodHRwOlwvXC9jZG4ubGl2ZW5ldHdvcmsuaXRcL25ld3NcLzQ0NjMyN1wvZ2FsbGVyeVwvMTg0ODUyM19lNmU1ZDJfNzY3eDM3Mi5qcGciLCJ0IjoibGluayIsImkiOiJ2YXJ6ZXNoMy5jb20ifV19LHsiYm90dG9tX3NwbGFzaCI6W3siYiI6Imh0dHA6XC9cL3d3dy5zYW5hcmljYWZvb2RzLmNvbVwvaW1hZ2VzXC9iYW5uZXI1LnBuZyIsInQiOiJzaG9wIiwiaSI6IjIifSx7ImIiOiJodHRwOlwvXC9vZnJmLm9yZ1wvc2l0ZXNcL29mcmYub3JnXC9maWxlc1wvZm9vZC1zYWZldHktYmFubmVyLmpwZyIsInQiOiJzZWN0aW9uIiwiaSI6IjMifV19LHsiZXNwZWNpYWwiOlt7ImVuYW1lIjoi2b7bjNi02YbZh9in2K8g2YjbjNqY2YcifSx7ImkiOiIxNSIsInAiOiIxMzAwMCIsIm5wIjoiMjAwMCIsIm4iOiLYtNuM2LHbjNmG24wg2K/Yp9mG2YXYp9ix2qnbjCIsImltIjoiaHR0cDpcL1wvbXNhYmFlaWFuLmlyXC9UYW1lc2hrXC91cGxvYWRzXC9pbWFnZS0yMDE3LTA2LTE2LTA1LTM0NDYtLTEyMS5qcGcifSx7ImkiOiIyMCIsInAiOiI5MDAwIiwibnAiOiI5MDAwIiwibiI6Itqp2Yjaqdiq2YQiLCJpbSI6Imh0dHA6XC9cL21zYWJhZWlhbi5pclwvVGFtZXNoa1wvdXBsb2Fkc1wvaW1hZ2UtMjAxNy0wNi0xNi0wNS0zOTM1LS1VbnRpdGxlZC0xKDQyKS5qcGcifSx7ImkiOiIyMSIsInAiOiI2MDAwIiwibnAiOiI2MDAwIiwibiI6Itiq24zYsdin2YXbjNiz2YgiLCJpbSI6Imh0dHA6XC9cL21zYWJhZWlhbi5pclwvVGFtZXNoa1wvdXBsb2Fkc1wvaW1hZ2UtMjAxNy0wNi0xNi0wNS00MDM1LS0xOTExNC5qcGcifSx7ImkiOiIyMiIsInAiOiI5NTAwIiwibnAiOiI5NTAwIiwibiI6Itqp24zaqSDbjNiu2obYp9mE24wiLCJpbSI6Imh0dHA6XC9cL21zYWJhZWlhbi5pclwvVGFtZXNoa1wvdXBsb2Fkc1wvaW1hZ2UtMjAxNy0wNi0xNi0wNS00MTEyLS1mbzMzMzMuanBnIn1dfSx7Im9uLXNhbGUiOlt7ImkiOiI3IiwicCI6IjEwMDAwIiwibnAiOiI4NTAwIiwibiI6Itiz24zYqOKAjNiy2YXbjNmG24wg2LPYsdiu4oCM2LTYr9mHIiwiaW0iOiJodHRwOlwvXC9tc2FiYWVpYW4uaXJcL1RhbWVzaGtcL3VwbG9hZHNcL2ltYWdlLTIwMTctMDYtMTUtMTUtMTUxOS0tMTEyNTAuanBnIn1dfV0=', '', '2017-06-17 03:24:31', 0),
(28, 1, 'especial_title', 'پیشنهاد تمشک', '', '2017-06-21 16:56:11', 0),
(29, 1, 'homeData', 'W3sidG9wX3NwbGFzaCI6W3siYiI6Imh0dHA6XC9cL3M5LnBpY29maWxlLmNvbVwvZmlsZVwvODI5NzkwMDA5MlwvMS5qcGciLCJ0Ijoic2VjdGlvbiIsImkiOiIxIn0seyJiIjoiaHR0cDpcL1wvczkucGljb2ZpbGUuY29tXC9maWxlXC84Mjk3OTA0MTE4XC8yLmpwZyIsInQiOiJzZWN0aW9uIiwiaSI6IjIifSx7ImIiOiJodHRwOlwvXC9zOS5waWNvZmlsZS5jb21cL2ZpbGVcLzgyOTc5MDQxMzRcLzJfNWRmMi5wbmciLCJ0Ijoic2hvcCIsImkiOiIxIn0seyJiIjoiaHR0cDpcL1wvczkucGljb2ZpbGUuY29tXC9maWxlXC84Mjk3OTA0MTg0XC8zLmpwZyIsInQiOiJjYXRlZ29yeSIsImkiOiIyMyAifSx7ImIiOiJodHRwOlwvXC9jZG4ubGl2ZW5ldHdvcmsuaXRcL25ld3NcLzQ0NjMyN1wvZ2FsbGVyeVwvMTg0ODUyM19lNmU1ZDJfNzY3eDM3Mi5qcGciLCJ0IjoibGluayIsImkiOiJ2YXJ6ZXNoMy5jb20ifV19LHsiYm90dG9tX3NwbGFzaCI6W3siYiI6Imh0dHA6XC9cL3d3dy5zYW5hcmljYWZvb2RzLmNvbVwvaW1hZ2VzXC9iYW5uZXI1LnBuZyIsInQiOiJzaG9wIiwiaSI6IjIifSx7ImIiOiJodHRwOlwvXC9vZnJmLm9yZ1wvc2l0ZXNcL29mcmYub3JnXC9maWxlc1wvZm9vZC1zYWZldHktYmFubmVyLmpwZyIsInQiOiJzZWN0aW9uIiwiaSI6IjMifV19LHsiZXNwZWNpYWwiOlt7ImVuYW1lIjoi2b7bjNi02YbZh9in2K8g2KrZhdi02qkifSx7ImkiOiIxNSIsInAiOiIxMzAwMCIsIm5wIjoiMjAwMCIsIm4iOiLYtNuM2LHbjNmG24wg2K/Yp9mG2YXYp9ix2qnbjCIsImltIjoiaHR0cDpcL1wvbXNhYmFlaWFuLmlyXC9UYW1lc2hrXC91cGxvYWRzXC9pbWFnZS0yMDE3LTA2LTE2LTA1LTM0NDYtLTEyMS5qcGcifSx7ImkiOiIyMCIsInAiOiI5MDAwIiwibnAiOiI5MDAwIiwibiI6Itqp2Yjaqdiq2YQiLCJpbSI6Imh0dHA6XC9cL21zYWJhZWlhbi5pclwvVGFtZXNoa1wvdXBsb2Fkc1wvaW1hZ2UtMjAxNy0wNi0xNi0wNS0zOTM1LS1VbnRpdGxlZC0xKDQyKS5qcGcifSx7ImkiOiIyMSIsInAiOiI2MDAwIiwibnAiOiI2MDAwIiwibiI6Itiq24zYsdin2YXbjNiz2YgiLCJpbSI6Imh0dHA6XC9cL21zYWJhZWlhbi5pclwvVGFtZXNoa1wvdXBsb2Fkc1wvaW1hZ2UtMjAxNy0wNi0xNi0wNS00MDM1LS0xOTExNC5qcGcifSx7ImkiOiIyMiIsInAiOiI5NTAwIiwibnAiOiI5NTAwIiwibiI6Itqp24zaqSDbjNiu2obYp9mE24wiLCJpbSI6Imh0dHA6XC9cL21zYWJhZWlhbi5pclwvVGFtZXNoa1wvdXBsb2Fkc1wvaW1hZ2UtMjAxNy0wNi0xNi0wNS00MTEyLS1mbzMzMzMuanBnIn1dfSx7Im9uLXNhbGUiOltdfV0=', '', '2017-06-21 16:56:55', 0),
(30, 1, 'homeData', 'W3sidG9wX3NwbGFzaCI6W3siYiI6Imh0dHA6XC9cL3M5LnBpY29maWxlLmNvbVwvZmlsZVwvODI5NzkwMDA5MlwvMS5qcGciLCJ0Ijoic2VjdGlvbiIsImkiOiIxIn0seyJiIjoiaHR0cDpcL1wvczkucGljb2ZpbGUuY29tXC9maWxlXC84Mjk3OTA0MTE4XC8yLmpwZyIsInQiOiJzZWN0aW9uIiwiaSI6IjIifSx7ImIiOiJodHRwOlwvXC9zOS5waWNvZmlsZS5jb21cL2ZpbGVcLzgyOTc5MDQxMzRcLzJfNWRmMi5wbmciLCJ0Ijoic2hvcCIsImkiOiIxIn0seyJiIjoiaHR0cDpcL1wvczkucGljb2ZpbGUuY29tXC9maWxlXC84Mjk3OTA0MTg0XC8zLmpwZyIsInQiOiJjYXRlZ29yeSIsImkiOiIyMyAifSx7ImIiOiJodHRwOlwvXC9jZG4ubGl2ZW5ldHdvcmsuaXRcL25ld3NcLzQ0NjMyN1wvZ2FsbGVyeVwvMTg0ODUyM19lNmU1ZDJfNzY3eDM3Mi5qcGciLCJ0IjoibGluayIsImkiOiJ2YXJ6ZXNoMy5jb20ifV19LHsiYm90dG9tX3NwbGFzaCI6W3siYiI6Imh0dHA6XC9cL3d3dy5zYW5hcmljYWZvb2RzLmNvbVwvaW1hZ2VzXC9iYW5uZXI1LnBuZyIsInQiOiJzaG9wIiwiaSI6IjIifSx7ImIiOiJodHRwOlwvXC9vZnJmLm9yZ1wvc2l0ZXNcL29mcmYub3JnXC9maWxlc1wvZm9vZC1zYWZldHktYmFubmVyLmpwZyIsInQiOiJzZWN0aW9uIiwiaSI6IjMifV19LHsiZXNwZWNpYWwiOlt7ImVuYW1lIjoi2b7bjNi02YbZh9in2K8g2KrZhdi02qkifSx7ImkiOiIxNSIsInAiOiIxMzAwMCIsIm5wIjoiMjAwMCIsIm4iOiLYtNuM2LHbjNmG24wg2K/Yp9mG2YXYp9ix2qnbjCIsImltIjoiaHR0cDpcL1wvbXNhYmFlaWFuLmlyXC9UYW1lc2hrXC91cGxvYWRzXC9pbWFnZS0yMDE3LTA2LTE2LTA1LTM0NDYtLTEyMS5qcGcifSx7ImkiOiIyMCIsInAiOiI5MDAwIiwibnAiOiI5MDAwIiwibiI6Itqp2Yjaqdiq2YQiLCJpbSI6Imh0dHA6XC9cL21zYWJhZWlhbi5pclwvVGFtZXNoa1wvdXBsb2Fkc1wvaW1hZ2UtMjAxNy0wNi0xNi0wNS0zOTM1LS1VbnRpdGxlZC0xKDQyKS5qcGcifSx7ImkiOiIyMSIsInAiOiI2MDAwIiwibnAiOiI2MDAwIiwibiI6Itiq24zYsdin2YXbjNiz2YgiLCJpbSI6Imh0dHA6XC9cL21zYWJhZWlhbi5pclwvVGFtZXNoa1wvdXBsb2Fkc1wvaW1hZ2UtMjAxNy0wNi0xNi0wNS00MDM1LS0xOTExNC5qcGcifSx7ImkiOiIyMiIsInAiOiI5NTAwIiwibnAiOiI5NTAwIiwibiI6Itqp24zaqSDbjNiu2obYp9mE24wiLCJpbSI6Imh0dHA6XC9cL21zYWJhZWlhbi5pclwvVGFtZXNoa1wvdXBsb2Fkc1wvaW1hZ2UtMjAxNy0wNi0xNi0wNS00MTEyLS1mbzMzMzMuanBnIn1dfSx7Im9uLXNhbGUiOltdfV0=', '', '2017-06-25 13:50:01', 0),
(31, 1, 'homeData', 'W3sidG9wX3NwbGFzaCI6W3siYiI6Imh0dHA6XC9cL3M5LnBpY29maWxlLmNvbVwvZmlsZVwvODI5NzkwNDExOFwvMi5qcGciLCJ0Ijoic2VjdGlvbiIsImkiOiIyIn0seyJiIjoiaHR0cDpcL1wvczkucGljb2ZpbGUuY29tXC9maWxlXC84Mjk3OTA0MTM0XC8yXzVkZjIucG5nIiwidCI6InNob3AiLCJpIjoiMSJ9LHsiYiI6Imh0dHA6XC9cL3M5LnBpY29maWxlLmNvbVwvZmlsZVwvODI5NzkwNDE4NFwvMy5qcGciLCJ0IjoiY2F0ZWdvcnkiLCJpIjoiMjMgIn0seyJiIjoiaHR0cDpcL1wvY2RuLmxpdmVuZXR3b3JrLml0XC9uZXdzXC80NDYzMjdcL2dhbGxlcnlcLzE4NDg1MjNfZTZlNWQyXzc2N3gzNzIuanBnIiwidCI6ImxpbmsiLCJpIjoidmFyemVzaDMuY29tIn1dfSx7ImJvdHRvbV9zcGxhc2giOlt7ImIiOiJodHRwOlwvXC93d3cuc2FuYXJpY2Fmb29kcy5jb21cL2ltYWdlc1wvYmFubmVyNS5wbmciLCJ0Ijoic2hvcCIsImkiOiIyIn0seyJiIjoiaHR0cDpcL1wvb2ZyZi5vcmdcL3NpdGVzXC9vZnJmLm9yZ1wvZmlsZXNcL2Zvb2Qtc2FmZXR5LWJhbm5lci5qcGciLCJ0Ijoic2VjdGlvbiIsImkiOiIzIn1dfSx7ImVzcGVjaWFsIjpbeyJlbmFtZSI6Itm+24zYtNmG2YfYp9ivINiq2YXYtNqpIn0seyJpIjoiMTUiLCJwIjoiMTMwMDAiLCJucCI6IjIwMDAiLCJuIjoi2LTbjNix24zZhtuMINiv2KfZhtmF2KfYsdqp24wiLCJpbSI6Imh0dHA6XC9cL21zYWJhZWlhbi5pclwvVGFtZXNoa1wvdXBsb2Fkc1wvaW1hZ2UtMjAxNy0wNi0xNi0wNS0zNDQ2LS0xMjEuanBnIn0seyJpIjoiMjAiLCJwIjoiOTAwMCIsIm5wIjoiOTAwMCIsIm4iOiLaqdmI2qnYqtmEIiwiaW0iOiJodHRwOlwvXC9tc2FiYWVpYW4uaXJcL1RhbWVzaGtcL3VwbG9hZHNcL2ltYWdlLTIwMTctMDYtMTYtMDUtMzkzNS0tVW50aXRsZWQtMSg0MikuanBnIn0seyJpIjoiMjEiLCJwIjoiNjAwMCIsIm5wIjoiNjAwMCIsIm4iOiLYqtuM2LHYp9mF24zYs9mIIiwiaW0iOiJodHRwOlwvXC9tc2FiYWVpYW4uaXJcL1RhbWVzaGtcL3VwbG9hZHNcL2ltYWdlLTIwMTctMDYtMTYtMDUtNDAzNS0tMTkxMTQuanBnIn0seyJpIjoiMjIiLCJwIjoiOTUwMCIsIm5wIjoiOTUwMCIsIm4iOiLaqduM2qkg24zYrtqG2KfZhNuMIiwiaW0iOiJodHRwOlwvXC9tc2FiYWVpYW4uaXJcL1RhbWVzaGtcL3VwbG9hZHNcL2ltYWdlLTIwMTctMDYtMTYtMDUtNDExMi0tZm8zMzMzLmpwZyJ9XX0seyJvbi1zYWxlIjpbXX1d', '', '2017-06-29 15:20:56', 0),
(32, 1, 'homeData', 'W3sidG9wX3NwbGFzaCI6W3siYiI6Imh0dHA6XC9cL3M5LnBpY29maWxlLmNvbVwvZmlsZVwvODI5NzkwNDExOFwvMi5qcGciLCJ0Ijoic2VjdGlvbiIsImkiOiIyIn0seyJiIjoiaHR0cDpcL1wvczkucGljb2ZpbGUuY29tXC9maWxlXC84Mjk3OTA0MTM0XC8yXzVkZjIucG5nIiwidCI6InNob3AiLCJpIjoiMSJ9LHsiYiI6Imh0dHA6XC9cL3M5LnBpY29maWxlLmNvbVwvZmlsZVwvODI5NzkwNDE4NFwvMy5qcGciLCJ0IjoiY2F0ZWdvcnkiLCJpIjoiMjMgIn0seyJiIjoiaHR0cDpcL1wvY2RuLmxpdmVuZXR3b3JrLml0XC9uZXdzXC80NDYzMjdcL2dhbGxlcnlcLzE4NDg1MjNfZTZlNWQyXzc2N3gzNzIuanBnIiwidCI6ImxpbmsiLCJpIjoidmFyemVzaDMuY29tIn1dfSx7ImJvdHRvbV9zcGxhc2giOlt7ImIiOiJodHRwOlwvXC93d3cuc2FuYXJpY2Fmb29kcy5jb21cL2ltYWdlc1wvYmFubmVyNS5wbmciLCJ0Ijoic2hvcCIsImkiOiIyIn0seyJiIjoiaHR0cDpcL1wvb2ZyZi5vcmdcL3NpdGVzXC9vZnJmLm9yZ1wvZmlsZXNcL2Zvb2Qtc2FmZXR5LWJhbm5lci5qcGciLCJ0Ijoic2VjdGlvbiIsImkiOiIzIn1dfSx7ImVzcGVjaWFsIjpbeyJlbmFtZSI6Itm+24zYtNmG2YfYp9ivINiq2YXYtNqpIn0seyJpIjoiMTUiLCJwIjoiMTMwMDAiLCJucCI6IjIwMDAiLCJuIjoi2LTbjNix24zZhtuMINiv2KfZhtmF2KfYsdqp24wiLCJpbSI6Imh0dHA6XC9cL21zYWJhZWlhbi5pclwvVGFtZXNoa1wvdXBsb2Fkc1wvaW1hZ2UtMjAxNy0wNi0xNi0wNS0zNDQ2LS0xMjEuanBnIn0seyJpIjoiMjAiLCJwIjoiOTAwMCIsIm5wIjoiOTAwMCIsIm4iOiLaqdmI2qnYqtmEIiwiaW0iOiJodHRwOlwvXC9tc2FiYWVpYW4uaXJcL1RhbWVzaGtcL3VwbG9hZHNcL2ltYWdlLTIwMTctMDYtMTYtMDUtMzkzNS0tVW50aXRsZWQtMSg0MikuanBnIn0seyJpIjoiMjEiLCJwIjoiNjAwMCIsIm5wIjoiNjAwMCIsIm4iOiLYqtuM2LHYp9mF24zYs9mIIiwiaW0iOiJodHRwOlwvXC9tc2FiYWVpYW4uaXJcL1RhbWVzaGtcL3VwbG9hZHNcL2ltYWdlLTIwMTctMDYtMTYtMDUtNDAzNS0tMTkxMTQuanBnIn1dfSx7Im9uLXNhbGUiOltdfV0=', '', '2017-06-29 15:49:39', 0),
(33, 1, 'top_splash', 'http://s8.picofile.com/file/8299150718/2_5df2.png', 'shop:1', '2017-06-29 15:53:44', 1),
(34, 1, 'homeData', 'W3sidG9wX3NwbGFzaCI6W3siYiI6Imh0dHA6XC9cL3M5LnBpY29maWxlLmNvbVwvZmlsZVwvODI5NzkwNDExOFwvMi5qcGciLCJ0Ijoic2VjdGlvbiIsImkiOiIyIn0seyJiIjoiaHR0cDpcL1wvczkucGljb2ZpbGUuY29tXC9maWxlXC84Mjk3OTA0MTg0XC8zLmpwZyIsInQiOiJjYXRlZ29yeSIsImkiOiIyMyAifSx7ImIiOiJodHRwOlwvXC9jZG4ubGl2ZW5ldHdvcmsuaXRcL25ld3NcLzQ0NjMyN1wvZ2FsbGVyeVwvMTg0ODUyM19lNmU1ZDJfNzY3eDM3Mi5qcGciLCJ0IjoibGluayIsImkiOiJ2YXJ6ZXNoMy5jb20ifSx7ImIiOiJodHRwOlwvXC9zOC5waWNvZmlsZS5jb21cL2ZpbGVcLzgyOTkxNTA3MThcLzJfNWRmMi5wbmciLCJ0Ijoic2hvcCIsImkiOiIxIn1dfSx7ImJvdHRvbV9zcGxhc2giOlt7ImIiOiJodHRwOlwvXC93d3cuc2FuYXJpY2Fmb29kcy5jb21cL2ltYWdlc1wvYmFubmVyNS5wbmciLCJ0Ijoic2hvcCIsImkiOiIyIn0seyJiIjoiaHR0cDpcL1wvb2ZyZi5vcmdcL3NpdGVzXC9vZnJmLm9yZ1wvZmlsZXNcL2Zvb2Qtc2FmZXR5LWJhbm5lci5qcGciLCJ0Ijoic2VjdGlvbiIsImkiOiIzIn1dfSx7ImVzcGVjaWFsIjpbeyJlbmFtZSI6Itm+24zYtNmG2YfYp9ivINiq2YXYtNqpIn0seyJpIjoiMTUiLCJwIjoiMTMwMDAiLCJucCI6IjIwMDAiLCJuIjoi2LTbjNix24zZhtuMINiv2KfZhtmF2KfYsdqp24wiLCJpbSI6Imh0dHA6XC9cL21zYWJhZWlhbi5pclwvVGFtZXNoa1wvdXBsb2Fkc1wvaW1hZ2UtMjAxNy0wNi0xNi0wNS0zNDQ2LS0xMjEuanBnIn0seyJpIjoiMjAiLCJwIjoiOTAwMCIsIm5wIjoiOTAwMCIsIm4iOiLaqdmI2qnYqtmEIiwiaW0iOiJodHRwOlwvXC9tc2FiYWVpYW4uaXJcL1RhbWVzaGtcL3VwbG9hZHNcL2ltYWdlLTIwMTctMDYtMTYtMDUtMzkzNS0tVW50aXRsZWQtMSg0MikuanBnIn0seyJpIjoiMjEiLCJwIjoiNjAwMCIsIm5wIjoiNjAwMCIsIm4iOiLYqtuM2LHYp9mF24zYs9mIIiwiaW0iOiJodHRwOlwvXC9tc2FiYWVpYW4uaXJcL1RhbWVzaGtcL3VwbG9hZHNcL2ltYWdlLTIwMTctMDYtMTYtMDUtNDAzNS0tMTkxMTQuanBnIn1dfSx7Im9uLXNhbGUiOltdfV0=', '', '2017-06-29 15:53:50', 0),
(35, 1, 'homeData', 'W3sidG9wX3NwbGFzaCI6W3siYiI6Imh0dHA6XC9cL3M5LnBpY29maWxlLmNvbVwvZmlsZVwvODI5NzkwNDExOFwvMi5qcGciLCJ0Ijoic2VjdGlvbiIsImkiOiIyIn0seyJiIjoiaHR0cDpcL1wvczkucGljb2ZpbGUuY29tXC9maWxlXC84Mjk3OTA0MTg0XC8zLmpwZyIsInQiOiJjYXRlZ29yeSIsImkiOiIyMyAifSx7ImIiOiJodHRwOlwvXC9jZG4ubGl2ZW5ldHdvcmsuaXRcL25ld3NcLzQ0NjMyN1wvZ2FsbGVyeVwvMTg0ODUyM19lNmU1ZDJfNzY3eDM3Mi5qcGciLCJ0IjoibGluayIsImkiOiJ2YXJ6ZXNoMy5jb20ifSx7ImIiOiJodHRwOlwvXC9zOC5waWNvZmlsZS5jb21cL2ZpbGVcLzgyOTkxNTA3MThcLzJfNWRmMi5wbmciLCJ0Ijoic2hvcCIsImkiOiIxIn1dfSx7ImJvdHRvbV9zcGxhc2giOlt7ImIiOiJodHRwOlwvXC93d3cuc2FuYXJpY2Fmb29kcy5jb21cL2ltYWdlc1wvYmFubmVyNS5wbmciLCJ0Ijoic2hvcCIsImkiOiIyIn0seyJiIjoiaHR0cDpcL1wvb2ZyZi5vcmdcL3NpdGVzXC9vZnJmLm9yZ1wvZmlsZXNcL2Zvb2Qtc2FmZXR5LWJhbm5lci5qcGciLCJ0Ijoic2VjdGlvbiIsImkiOiIzIn1dfSx7ImVzcGVjaWFsIjpbeyJlbmFtZSI6Itm+24zYtNmG2YfYp9ivINiq2YXYtNqpIn0seyJpIjoiMTUiLCJwIjoiMTMwMDAiLCJucCI6IjIwMDAiLCJuIjoi2LTbjNix24zZhtuMINiv2KfZhtmF2KfYsdqp24wiLCJpbSI6Imh0dHA6XC9cL21zYWJhZWlhbi5pclwvVGFtZXNoa1wvdXBsb2Fkc1wvaW1hZ2UtMjAxNy0wNi0xNi0wNS0zNDQ2LS0xMjEuanBnIn0seyJpIjoiMjAiLCJwIjoiOTAwMCIsIm5wIjoiOTAwMCIsIm4iOiLaqdmI2qnYqtmEIiwiaW0iOiJodHRwOlwvXC9tc2FiYWVpYW4uaXJcL1RhbWVzaGtcL3VwbG9hZHNcL2ltYWdlLTIwMTctMDYtMTYtMDUtMzkzNS0tVW50aXRsZWQtMSg0MikuanBnIn0seyJpIjoiMjEiLCJwIjoiNjAwMCIsIm5wIjoiNjAwMCIsIm4iOiLYqtuM2LHYp9mF24zYs9mIIiwiaW0iOiJodHRwOlwvXC9tc2FiYWVpYW4uaXJcL1RhbWVzaGtcL3VwbG9hZHNcL2ltYWdlLTIwMTctMDYtMTYtMDUtNDAzNS0tMTkxMTQuanBnIn1dfSx7Im9uLXNhbGUiOltdfV0=', '', '2017-06-29 15:54:00', 0),
(36, 1, 'especial_title', 'پیشنهاد تمشک', '', '2017-06-29 15:56:26', 0),
(37, 1, 'homeData', 'W3sidG9wX3NwbGFzaCI6W3siYiI6Imh0dHA6XC9cL3M5LnBpY29maWxlLmNvbVwvZmlsZVwvODI5NzkwNDExOFwvMi5qcGciLCJ0Ijoic2VjdGlvbiIsImkiOiIyIn0seyJiIjoiaHR0cDpcL1wvczkucGljb2ZpbGUuY29tXC9maWxlXC84Mjk3OTA0MTg0XC8zLmpwZyIsInQiOiJjYXRlZ29yeSIsImkiOiIyMyAifSx7ImIiOiJodHRwOlwvXC9jZG4ubGl2ZW5ldHdvcmsuaXRcL25ld3NcLzQ0NjMyN1wvZ2FsbGVyeVwvMTg0ODUyM19lNmU1ZDJfNzY3eDM3Mi5qcGciLCJ0IjoibGluayIsImkiOiJ2YXJ6ZXNoMy5jb20ifSx7ImIiOiJodHRwOlwvXC9zOC5waWNvZmlsZS5jb21cL2ZpbGVcLzgyOTkxNTA3MThcLzJfNWRmMi5wbmciLCJ0Ijoic2hvcCIsImkiOiIxIn1dfSx7ImJvdHRvbV9zcGxhc2giOlt7ImIiOiJodHRwOlwvXC93d3cuc2FuYXJpY2Fmb29kcy5jb21cL2ltYWdlc1wvYmFubmVyNS5wbmciLCJ0Ijoic2hvcCIsImkiOiIyIn0seyJiIjoiaHR0cDpcL1wvb2ZyZi5vcmdcL3NpdGVzXC9vZnJmLm9yZ1wvZmlsZXNcL2Zvb2Qtc2FmZXR5LWJhbm5lci5qcGciLCJ0Ijoic2VjdGlvbiIsImkiOiIzIn1dfSx7ImVzcGVjaWFsIjpbeyJlbmFtZSI6Itm+24zYtNmG2YfYp9ivINiq2YXYtNqpIn0seyJpIjoiMTUiLCJwIjoiMTMwMDAiLCJucCI6IjIwMDAiLCJuIjoi2LTbjNix24zZhtuMINiv2KfZhtmF2KfYsdqp24wiLCJpbSI6Imh0dHA6XC9cL21zYWJhZWlhbi5pclwvVGFtZXNoa1wvdXBsb2Fkc1wvaW1hZ2UtMjAxNy0wNi0xNi0wNS0zNDQ2LS0xMjEuanBnIn0seyJpIjoiMjAiLCJwIjoiOTAwMCIsIm5wIjoiOTAwMCIsIm4iOiLaqdmI2qnYqtmEIiwiaW0iOiJodHRwOlwvXC9tc2FiYWVpYW4uaXJcL1RhbWVzaGtcL3VwbG9hZHNcL2ltYWdlLTIwMTctMDYtMTYtMDUtMzkzNS0tVW50aXRsZWQtMSg0MikuanBnIn0seyJpIjoiMjEiLCJwIjoiNjAwMCIsIm5wIjoiNjAwMCIsIm4iOiLYqtuM2LHYp9mF24zYs9mIIiwiaW0iOiJodHRwOlwvXC9tc2FiYWVpYW4uaXJcL1RhbWVzaGtcL3VwbG9hZHNcL2ltYWdlLTIwMTctMDYtMTYtMDUtNDAzNS0tMTkxMTQuanBnIn1dfSx7Im9uLXNhbGUiOlt7ImkiOiIzIiwicCI6IjIwMDAiLCJucCI6IjUwMCIsIm4iOiLZgdmE2KfZgdmEIiwiaW0iOiJodHRwOlwvXC9tc2FiYWVpYW4uaXJcL1RhbWVzaGtcL3VwbG9hZHNcL2ltYWdlLTIwMTctMDYtMTUtMTUtMTAxOC0tRFNDXzAzNzEuanBnIn0seyJpIjoiNyIsInAiOiIxMDAwMCIsIm5wIjoiODUwMCIsIm4iOiLYs9uM2KjigIzYstmF24zZhtuMINiz2LHYruKAjNi02K/ZhyIsImltIjoiaHR0cDpcL1wvbXNhYmFlaWFuLmlyXC9UYW1lc2hrXC91cGxvYWRzXC9pbWFnZS0yMDE3LTA2LTE1LTE1LTE1MTktLTExMjUwLmpwZyJ9XX1d', '', '2017-06-29 15:56:28', 0),
(38, 1, 'homeData', 'W3sidG9wX3NwbGFzaCI6W3siYiI6Imh0dHA6XC9cL3M5LnBpY29maWxlLmNvbVwvZmlsZVwvODI5NzkwNDExOFwvMi5qcGciLCJ0Ijoic2VjdGlvbiIsImkiOiIyIn0seyJiIjoiaHR0cDpcL1wvczkucGljb2ZpbGUuY29tXC9maWxlXC84Mjk3OTA0MTg0XC8zLmpwZyIsInQiOiJjYXRlZ29yeSIsImkiOiIyMyAifSx7ImIiOiJodHRwOlwvXC9jZG4ubGl2ZW5ldHdvcmsuaXRcL25ld3NcLzQ0NjMyN1wvZ2FsbGVyeVwvMTg0ODUyM19lNmU1ZDJfNzY3eDM3Mi5qcGciLCJ0IjoibGluayIsImkiOiJ2YXJ6ZXNoMy5jb20ifSx7ImIiOiJodHRwOlwvXC9zOC5waWNvZmlsZS5jb21cL2ZpbGVcLzgyOTkxNTA3MThcLzJfNWRmMi5wbmciLCJ0Ijoic2hvcCIsImkiOiIxIn1dfSx7ImJvdHRvbV9zcGxhc2giOlt7ImIiOiJodHRwOlwvXC93d3cuc2FuYXJpY2Fmb29kcy5jb21cL2ltYWdlc1wvYmFubmVyNS5wbmciLCJ0Ijoic2hvcCIsImkiOiIyIn0seyJiIjoiaHR0cDpcL1wvb2ZyZi5vcmdcL3NpdGVzXC9vZnJmLm9yZ1wvZmlsZXNcL2Zvb2Qtc2FmZXR5LWJhbm5lci5qcGciLCJ0Ijoic2VjdGlvbiIsImkiOiIzIn1dfSx7ImVzcGVjaWFsIjpbeyJlbmFtZSI6Itm+24zYtNmG2YfYp9ivINiq2YXYtNqpIn0seyJpIjoiMTUiLCJwIjoiMTMwMDAiLCJucCI6IjIwMDAiLCJuIjoi2LTbjNix24zZhtuMINiv2KfZhtmF2KfYsdqp24wiLCJpbSI6Imh0dHA6XC9cL21zYWJhZWlhbi5pclwvVGFtZXNoa1wvdXBsb2Fkc1wvaW1hZ2UtMjAxNy0wNi0xNi0wNS0zNDQ2LS0xMjEuanBnIn0seyJpIjoiMjAiLCJwIjoiOTAwMCIsIm5wIjoiOTAwMCIsIm4iOiLaqdmI2qnYqtmEIiwiaW0iOiJodHRwOlwvXC9tc2FiYWVpYW4uaXJcL1RhbWVzaGtcL3VwbG9hZHNcL2ltYWdlLTIwMTctMDYtMTYtMDUtMzkzNS0tVW50aXRsZWQtMSg0MikuanBnIn0seyJpIjoiMjEiLCJwIjoiNjAwMCIsIm5wIjoiNjAwMCIsIm4iOiLYqtuM2LHYp9mF24zYs9mIIiwiaW0iOiJodHRwOlwvXC9tc2FiYWVpYW4uaXJcL1RhbWVzaGtcL3VwbG9hZHNcL2ltYWdlLTIwMTctMDYtMTYtMDUtNDAzNS0tMTkxMTQuanBnIn1dfSx7Im9uLXNhbGUiOlt7ImkiOiIzIiwicCI6IjIwMDAiLCJucCI6IjUwMCIsIm4iOiLZgdmE2KfZgdmEIiwiaW0iOiJodHRwOlwvXC9tc2FiYWVpYW4uaXJcL1RhbWVzaGtcL3VwbG9hZHNcL2ltYWdlLTIwMTctMDYtMTUtMTUtMTAxOC0tRFNDXzAzNzEuanBnIn0seyJpIjoiNyIsInAiOiIxMDAwMCIsIm5wIjoiODUwMCIsIm4iOiLYs9uM2KjigIzYstmF24zZhtuMINiz2LHYruKAjNi02K/ZhyIsImltIjoiaHR0cDpcL1wvbXNhYmFlaWFuLmlyXC9UYW1lc2hrXC91cGxvYWRzXC9pbWFnZS0yMDE3LTA2LTE1LTE1LTE1MTktLTExMjUwLmpwZyJ9XX1d', '', '2017-06-29 15:56:34', 0),
(39, 1, 'homeData', 'W3sidG9wX3NwbGFzaCI6W3siYiI6Imh0dHA6XC9cL3M5LnBpY29maWxlLmNvbVwvZmlsZVwvODI5NzkwNDExOFwvMi5qcGciLCJ0Ijoic2VjdGlvbiIsImkiOiIyIn0seyJiIjoiaHR0cDpcL1wvczkucGljb2ZpbGUuY29tXC9maWxlXC84Mjk3OTA0MTg0XC8zLmpwZyIsInQiOiJjYXRlZ29yeSIsImkiOiIyMyAifSx7ImIiOiJodHRwOlwvXC9jZG4ubGl2ZW5ldHdvcmsuaXRcL25ld3NcLzQ0NjMyN1wvZ2FsbGVyeVwvMTg0ODUyM19lNmU1ZDJfNzY3eDM3Mi5qcGciLCJ0IjoibGluayIsImkiOiJ2YXJ6ZXNoMy5jb20ifSx7ImIiOiJodHRwOlwvXC9zOC5waWNvZmlsZS5jb21cL2ZpbGVcLzgyOTkxNTA3MThcLzJfNWRmMi5wbmciLCJ0Ijoic2hvcCIsImkiOiIxIn1dfSx7ImJvdHRvbV9zcGxhc2giOlt7ImIiOiJodHRwOlwvXC93d3cuc2FuYXJpY2Fmb29kcy5jb21cL2ltYWdlc1wvYmFubmVyNS5wbmciLCJ0Ijoic2hvcCIsImkiOiIyIn0seyJiIjoiaHR0cDpcL1wvb2ZyZi5vcmdcL3NpdGVzXC9vZnJmLm9yZ1wvZmlsZXNcL2Zvb2Qtc2FmZXR5LWJhbm5lci5qcGciLCJ0Ijoic2VjdGlvbiIsImkiOiIzIn1dfSx7ImVzcGVjaWFsIjpbeyJlbmFtZSI6Itm+24zYtNmG2YfYp9ivINiq2YXYtNqpIn0seyJpIjoiMTUiLCJwIjoiMTMwMDAiLCJucCI6IjIwMDAiLCJuIjoi2LTbjNix24zZhtuMINiv2KfZhtmF2KfYsdqp24wiLCJpbSI6Imh0dHA6XC9cL21zYWJhZWlhbi5pclwvVGFtZXNoa1wvdXBsb2Fkc1wvaW1hZ2UtMjAxNy0wNi0xNi0wNS0zNDQ2LS0xMjEuanBnIn0seyJpIjoiMjAiLCJwIjoiOTAwMCIsIm5wIjoiOTAwMCIsIm4iOiLaqdmI2qnYqtmEIiwiaW0iOiJodHRwOlwvXC9tc2FiYWVpYW4uaXJcL1RhbWVzaGtcL3VwbG9hZHNcL2ltYWdlLTIwMTctMDYtMTYtMDUtMzkzNS0tVW50aXRsZWQtMSg0MikuanBnIn0seyJpIjoiMjEiLCJwIjoiNjAwMCIsIm5wIjoiNjAwMCIsIm4iOiLYqtuM2LHYp9mF24zYs9mIIiwiaW0iOiJodHRwOlwvXC9tc2FiYWVpYW4uaXJcL1RhbWVzaGtcL3VwbG9hZHNcL2ltYWdlLTIwMTctMDYtMTYtMDUtNDAzNS0tMTkxMTQuanBnIn1dfSx7Im9uLXNhbGUiOlt7ImkiOiIzIiwicCI6IjIwMDAiLCJucCI6IjUwMCIsIm4iOiLZgdmE2KfZgdmEIiwiaW0iOiJodHRwOlwvXC9tc2FiYWVpYW4uaXJcL1RhbWVzaGtcL3VwbG9hZHNcL2ltYWdlLTIwMTctMDYtMTUtMTUtMTAxOC0tRFNDXzAzNzEuanBnIn0seyJpIjoiNyIsInAiOiIxMDAwMCIsIm5wIjoiODUwMCIsIm4iOiLYs9uM2KjigIzYstmF24zZhtuMINiz2LHYruKAjNi02K/ZhyIsImltIjoiaHR0cDpcL1wvbXNhYmFlaWFuLmlyXC9UYW1lc2hrXC91cGxvYWRzXC9pbWFnZS0yMDE3LTA2LTE1LTE1LTE1MTktLTExMjUwLmpwZyJ9XX1d', '', '2017-06-29 16:00:28', 0),
(40, 1, 'homeData', 'W3sidG9wX3NwbGFzaCI6W3siYiI6Imh0dHA6XC9cL3M5LnBpY29maWxlLmNvbVwvZmlsZVwvODI5NzkwNDExOFwvMi5qcGciLCJ0Ijoic2VjdGlvbiIsImkiOiIyIn0seyJiIjoiaHR0cDpcL1wvczkucGljb2ZpbGUuY29tXC9maWxlXC84Mjk3OTA0MTg0XC8zLmpwZyIsInQiOiJjYXRlZ29yeSIsImkiOiIyMyAifSx7ImIiOiJodHRwOlwvXC9jZG4ubGl2ZW5ldHdvcmsuaXRcL25ld3NcLzQ0NjMyN1wvZ2FsbGVyeVwvMTg0ODUyM19lNmU1ZDJfNzY3eDM3Mi5qcGciLCJ0IjoibGluayIsImkiOiJ2YXJ6ZXNoMy5jb20ifSx7ImIiOiJodHRwOlwvXC9zOC5waWNvZmlsZS5jb21cL2ZpbGVcLzgyOTkxNTA3MThcLzJfNWRmMi5wbmciLCJ0Ijoic2hvcCIsImkiOiIxIn1dfSx7ImJvdHRvbV9zcGxhc2giOlt7ImIiOiJodHRwOlwvXC93d3cuc2FuYXJpY2Fmb29kcy5jb21cL2ltYWdlc1wvYmFubmVyNS5wbmciLCJ0Ijoic2hvcCIsImkiOiIyIn0seyJiIjoiaHR0cDpcL1wvb2ZyZi5vcmdcL3NpdGVzXC9vZnJmLm9yZ1wvZmlsZXNcL2Zvb2Qtc2FmZXR5LWJhbm5lci5qcGciLCJ0Ijoic2VjdGlvbiIsImkiOiIzIn1dfSx7ImVzcGVjaWFsIjpbeyJlbmFtZSI6Itm+24zYtNmG2YfYp9ivINiq2YXYtNqpIn0seyJpIjoiMTUiLCJwIjoiMTMwMDAiLCJucCI6IjIwMDAiLCJuIjoi2LTbjNix24zZhtuMINiv2KfZhtmF2KfYsdqp24wiLCJpbSI6Imh0dHA6XC9cL21zYWJhZWlhbi5pclwvVGFtZXNoa1wvdXBsb2Fkc1wvaW1hZ2UtMjAxNy0wNi0xNi0wNS0zNDQ2LS0xMjEuanBnIn0seyJpIjoiMjAiLCJwIjoiOTAwMCIsIm5wIjoiOTAwMCIsIm4iOiLaqdmI2qnYqtmEIiwiaW0iOiJodHRwOlwvXC9tc2FiYWVpYW4uaXJcL1RhbWVzaGtcL3VwbG9hZHNcL2ltYWdlLTIwMTctMDYtMTYtMDUtMzkzNS0tVW50aXRsZWQtMSg0MikuanBnIn0seyJpIjoiMjEiLCJwIjoiNjAwMCIsIm5wIjoiNjAwMCIsIm4iOiLYqtuM2LHYp9mF24zYs9mIIiwiaW0iOiJodHRwOlwvXC9tc2FiYWVpYW4uaXJcL1RhbWVzaGtcL3VwbG9hZHNcL2ltYWdlLTIwMTctMDYtMTYtMDUtNDAzNS0tMTkxMTQuanBnIn1dfSx7Im9uLXNhbGUiOlt7ImkiOiIzIiwicCI6IjIwMDAiLCJucCI6IjUwMCIsIm4iOiLZgdmE2KfZgdmEIiwiaW0iOiJodHRwOlwvXC9tc2FiYWVpYW4uaXJcL1RhbWVzaGtcL3VwbG9hZHNcL2ltYWdlLTIwMTctMDYtMTUtMTUtMTAxOC0tRFNDXzAzNzEuanBnIn0seyJpIjoiNyIsInAiOiIxMDAwMCIsIm5wIjoiODUwMCIsIm4iOiLYs9uM2KjigIzYstmF24zZhtuMINiz2LHYruKAjNi02K/ZhyIsImltIjoiaHR0cDpcL1wvbXNhYmFlaWFuLmlyXC9UYW1lc2hrXC91cGxvYWRzXC9pbWFnZS0yMDE3LTA2LTE1LTE1LTE1MTktLTExMjUwLmpwZyJ9LHsiaSI6IjIzIiwicCI6IjQwMDAiLCJucCI6IjM1MDAiLCJuIjoi2K7YtNqpINmF2KzZhNiz24wiLCJpbSI6Imh0dHA6XC9cL21zYWJhZWlhbi5pclwvVGFtZXNoa1wvdXBsb2Fkc1wvaW1hZ2UtMjAxNy0wNi0xOC0wNS01NzI0LS1LSDA3LmpwZyJ9XX1d', '', '2017-06-29 16:02:30', 0),
(41, 1, 'homeData', 'W3sidG9wX3NwbGFzaCI6W3siYiI6Imh0dHA6XC9cL3M5LnBpY29maWxlLmNvbVwvZmlsZVwvODI5NzkwNDExOFwvMi5qcGciLCJ0Ijoic2VjdGlvbiIsImkiOiIyIn0seyJiIjoiaHR0cDpcL1wvczkucGljb2ZpbGUuY29tXC9maWxlXC84Mjk3OTA0MTg0XC8zLmpwZyIsInQiOiJjYXRlZ29yeSIsImkiOiIyMyAifSx7ImIiOiJodHRwOlwvXC9jZG4ubGl2ZW5ldHdvcmsuaXRcL25ld3NcLzQ0NjMyN1wvZ2FsbGVyeVwvMTg0ODUyM19lNmU1ZDJfNzY3eDM3Mi5qcGciLCJ0IjoibGluayIsImkiOiJ2YXJ6ZXNoMy5jb20ifSx7ImIiOiJodHRwOlwvXC9zOC5waWNvZmlsZS5jb21cL2ZpbGVcLzgyOTkxNTA3MThcLzJfNWRmMi5wbmciLCJ0Ijoic2hvcCIsImkiOiIxIn1dfSx7ImJvdHRvbV9zcGxhc2giOlt7ImIiOiJodHRwOlwvXC93d3cuc2FuYXJpY2Fmb29kcy5jb21cL2ltYWdlc1wvYmFubmVyNS5wbmciLCJ0Ijoic2hvcCIsImkiOiIyIn0seyJiIjoiaHR0cDpcL1wvb2ZyZi5vcmdcL3NpdGVzXC9vZnJmLm9yZ1wvZmlsZXNcL2Zvb2Qtc2FmZXR5LWJhbm5lci5qcGciLCJ0Ijoic2VjdGlvbiIsImkiOiIzIn1dfSx7ImVzcGVjaWFsIjpbeyJlbmFtZSI6Itm+24zYtNmG2YfYp9ivINiq2YXYtNqpIn0seyJpIjoiMTUiLCJwIjoiMTMwMDAiLCJucCI6IjIwMDAiLCJuIjoi2LTbjNix24zZhtuMINiv2KfZhtmF2KfYsdqp24wiLCJpbSI6Imh0dHA6XC9cL21zYWJhZWlhbi5pclwvVGFtZXNoa1wvdXBsb2Fkc1wvaW1hZ2UtMjAxNy0wNi0xNi0wNS0zNDQ2LS0xMjEuanBnIn0seyJpIjoiMjAiLCJwIjoiOTAwMCIsIm5wIjoiOTAwMCIsIm4iOiLaqdmI2qnYqtmEIiwiaW0iOiJodHRwOlwvXC9tc2FiYWVpYW4uaXJcL1RhbWVzaGtcL3VwbG9hZHNcL2ltYWdlLTIwMTctMDYtMTYtMDUtMzkzNS0tVW50aXRsZWQtMSg0MikuanBnIn0seyJpIjoiMjEiLCJwIjoiNjAwMCIsIm5wIjoiNjAwMCIsIm4iOiLYqtuM2LHYp9mF24zYs9mIIiwiaW0iOiJodHRwOlwvXC9tc2FiYWVpYW4uaXJcL1RhbWVzaGtcL3VwbG9hZHNcL2ltYWdlLTIwMTctMDYtMTYtMDUtNDAzNS0tMTkxMTQuanBnIn1dfSx7Im9uLXNhbGUiOlt7ImkiOiIzIiwicCI6IjIwMDAiLCJucCI6IjUwMCIsIm4iOiLZgdmE2KfZgdmEIiwiaW0iOiJodHRwOlwvXC9tc2FiYWVpYW4uaXJcL1RhbWVzaGtcL3VwbG9hZHNcL2ltYWdlLTIwMTctMDYtMTUtMTUtMTAxOC0tRFNDXzAzNzEuanBnIn0seyJpIjoiNyIsInAiOiIxMDAwMCIsIm5wIjoiODUwMCIsIm4iOiLYs9uM2KjigIzYstmF24zZhtuMINiz2LHYruKAjNi02K/ZhyIsImltIjoiaHR0cDpcL1wvbXNhYmFlaWFuLmlyXC9UYW1lc2hrXC91cGxvYWRzXC9pbWFnZS0yMDE3LTA2LTE1LTE1LTE1MTktLTExMjUwLmpwZyJ9LHsiaSI6IjIzIiwicCI6IjQwMDAiLCJucCI6IjM1MDAiLCJuIjoi2K7YtNqpINmF2KzZhNiz24wiLCJpbSI6Imh0dHA6XC9cL21zYWJhZWlhbi5pclwvVGFtZXNoa1wvdXBsb2Fkc1wvaW1hZ2UtMjAxNy0wNi0xOC0wNS01NzI0LS1LSDA3LmpwZyJ9LHsiaSI6IjMyIiwicCI6IjE2MDAwIiwibnAiOiIxNTAwIiwibiI6Itm+24zYqtiy2Kcg2b7Zvtix2YjZhtuMIiwiaW0iOiJodHRwOlwvXC9tc2FiYWVpYW4uaXJcL1RhbWVzaGtcL3VwbG9hZHNcL2ltYWdlLTIwMTctMDYtMjktMTMtNTEyMi0tMTUxXzFzdHVmZmVkX2NydXN0X3BpenphLWUxNDQwODY0NDQyNjUyLmpwZyJ9XX1d', '', '2017-06-29 16:02:56', 0),
(42, 1, 'homeData', 'W3sidG9wX3NwbGFzaCI6W3siYiI6Imh0dHA6XC9cL3M5LnBpY29maWxlLmNvbVwvZmlsZVwvODI5NzkwNDExOFwvMi5qcGciLCJ0Ijoic2VjdGlvbiIsImkiOiIyIn0seyJiIjoiaHR0cDpcL1wvczkucGljb2ZpbGUuY29tXC9maWxlXC84Mjk3OTA0MTg0XC8zLmpwZyIsInQiOiJjYXRlZ29yeSIsImkiOiIyMyAifSx7ImIiOiJodHRwOlwvXC9jZG4ubGl2ZW5ldHdvcmsuaXRcL25ld3NcLzQ0NjMyN1wvZ2FsbGVyeVwvMTg0ODUyM19lNmU1ZDJfNzY3eDM3Mi5qcGciLCJ0IjoibGluayIsImkiOiJ2YXJ6ZXNoMy5jb20ifSx7ImIiOiJodHRwOlwvXC9zOC5waWNvZmlsZS5jb21cL2ZpbGVcLzgyOTkxNTA3MThcLzJfNWRmMi5wbmciLCJ0Ijoic2hvcCIsImkiOiIxIn1dfSx7ImJvdHRvbV9zcGxhc2giOlt7ImIiOiJodHRwOlwvXC93d3cuc2FuYXJpY2Fmb29kcy5jb21cL2ltYWdlc1wvYmFubmVyNS5wbmciLCJ0Ijoic2hvcCIsImkiOiIyIn0seyJiIjoiaHR0cDpcL1wvb2ZyZi5vcmdcL3NpdGVzXC9vZnJmLm9yZ1wvZmlsZXNcL2Zvb2Qtc2FmZXR5LWJhbm5lci5qcGciLCJ0Ijoic2VjdGlvbiIsImkiOiIzIn1dfSx7ImVzcGVjaWFsIjpbeyJlbmFtZSI6Itm+24zYtNmG2YfYp9ivINiq2YXYtNqpIn0seyJpIjoiMTUiLCJwIjoiMTMwMDAiLCJucCI6IjIwMDAiLCJuIjoi2LTbjNix24zZhtuMINiv2KfZhtmF2KfYsdqp24wiLCJpbSI6Imh0dHA6XC9cL21zYWJhZWlhbi5pclwvVGFtZXNoa1wvdXBsb2Fkc1wvaW1hZ2UtMjAxNy0wNi0xNi0wNS0zNDQ2LS0xMjEuanBnIn0seyJpIjoiMjAiLCJwIjoiOTAwMCIsIm5wIjoiOTAwMCIsIm4iOiLaqdmI2qnYqtmEIiwiaW0iOiJodHRwOlwvXC9tc2FiYWVpYW4uaXJcL1RhbWVzaGtcL3VwbG9hZHNcL2ltYWdlLTIwMTctMDYtMTYtMDUtMzkzNS0tVW50aXRsZWQtMSg0MikuanBnIn0seyJpIjoiMjEiLCJwIjoiNjAwMCIsIm5wIjoiNjAwMCIsIm4iOiLYqtuM2LHYp9mF24zYs9mIIiwiaW0iOiJodHRwOlwvXC9tc2FiYWVpYW4uaXJcL1RhbWVzaGtcL3VwbG9hZHNcL2ltYWdlLTIwMTctMDYtMTYtMDUtNDAzNS0tMTkxMTQuanBnIn1dfSx7Im9uLXNhbGUiOlt7ImkiOiIzIiwicCI6IjIwMDAiLCJucCI6IjUwMCIsIm4iOiLZgdmE2KfZgdmEIiwiaW0iOiJodHRwOlwvXC9tc2FiYWVpYW4uaXJcL1RhbWVzaGtcL3VwbG9hZHNcL2ltYWdlLTIwMTctMDYtMTUtMTUtMTAxOC0tRFNDXzAzNzEuanBnIn0seyJpIjoiNyIsInAiOiIxMDAwMCIsIm5wIjoiODUwMCIsIm4iOiLYs9uM2KjigIzYstmF24zZhtuMINiz2LHYruKAjNi02K/ZhyIsImltIjoiaHR0cDpcL1wvbXNhYmFlaWFuLmlyXC9UYW1lc2hrXC91cGxvYWRzXC9pbWFnZS0yMDE3LTA2LTE1LTE1LTE1MTktLTExMjUwLmpwZyJ9LHsiaSI6IjIzIiwicCI6IjQwMDAiLCJucCI6IjM1MDAiLCJuIjoi2K7YtNqpINmF2KzZhNiz24wiLCJpbSI6Imh0dHA6XC9cL21zYWJhZWlhbi5pclwvVGFtZXNoa1wvdXBsb2Fkc1wvaW1hZ2UtMjAxNy0wNi0xOC0wNS01NzI0LS1LSDA3LmpwZyJ9LHsiaSI6IjMyIiwicCI6IjE2MDAwIiwibnAiOiIxNTAwIiwibiI6Itm+24zYqtiy2Kcg2b7Zvtix2YjZhtuMIiwiaW0iOiJodHRwOlwvXC9tc2FiYWVpYW4uaXJcL1RhbWVzaGtcL3VwbG9hZHNcL2ltYWdlLTIwMTctMDYtMjktMTMtNTEyMi0tMTUxXzFzdHVmZmVkX2NydXN0X3BpenphLWUxNDQwODY0NDQyNjUyLmpwZyJ9XX1d', '', '2017-06-29 16:02:57', 0),
(43, 1, 'top_splash', 'http://s9.picofile.com/file/8299152592/cake_baner1.jpg', 'section:3', '2017-06-29 16:18:47', 1),
(44, 1, 'especial_title', 'پیشنهاد تمشک', '', '2017-06-29 16:18:50', 0),
(45, 1, 'homeData', 'W3sidG9wX3NwbGFzaCI6W3siYiI6Imh0dHA6XC9cL3M5LnBpY29maWxlLmNvbVwvZmlsZVwvODI5NzkwNDE4NFwvMy5qcGciLCJ0IjoiY2F0ZWdvcnkiLCJpIjoiMjMgIn0seyJiIjoiaHR0cDpcL1wvY2RuLmxpdmVuZXR3b3JrLml0XC9uZXdzXC80NDYzMjdcL2dhbGxlcnlcLzE4NDg1MjNfZTZlNWQyXzc2N3gzNzIuanBnIiwidCI6ImxpbmsiLCJpIjoidmFyemVzaDMuY29tIn0seyJiIjoiaHR0cDpcL1wvczgucGljb2ZpbGUuY29tXC9maWxlXC84Mjk5MTUwNzE4XC8yXzVkZjIucG5nIiwidCI6InNob3AiLCJpIjoiMSJ9LHsiYiI6Imh0dHA6XC9cL3M5LnBpY29maWxlLmNvbVwvZmlsZVwvODI5OTE1MjU5MlwvY2FrZV9iYW5lcjEuanBnIiwidCI6InNlY3Rpb24iLCJpIjoiMyJ9XX0seyJib3R0b21fc3BsYXNoIjpbeyJiIjoiaHR0cDpcL1wvd3d3LnNhbmFyaWNhZm9vZHMuY29tXC9pbWFnZXNcL2Jhbm5lcjUucG5nIiwidCI6InNob3AiLCJpIjoiMiJ9LHsiYiI6Imh0dHA6XC9cL29mcmYub3JnXC9zaXRlc1wvb2ZyZi5vcmdcL2ZpbGVzXC9mb29kLXNhZmV0eS1iYW5uZXIuanBnIiwidCI6InNlY3Rpb24iLCJpIjoiMyJ9XX0seyJlc3BlY2lhbCI6W3siZW5hbWUiOiLZvtuM2LTZhtmH2KfYryDYqtmF2LTaqSJ9LHsiaSI6IjE1IiwicCI6IjEzMDAwIiwibnAiOiIyMDAwIiwibiI6Iti024zYsduM2YbbjCDYr9in2YbZhdin2LHaqduMIiwiaW0iOiJodHRwOlwvXC9tc2FiYWVpYW4uaXJcL1RhbWVzaGtcL3VwbG9hZHNcL2ltYWdlLTIwMTctMDYtMTYtMDUtMzQ0Ni0tMTIxLmpwZyJ9LHsiaSI6IjIwIiwicCI6IjkwMDAiLCJucCI6IjkwMDAiLCJuIjoi2qnZiNqp2KrZhCIsImltIjoiaHR0cDpcL1wvbXNhYmFlaWFuLmlyXC9UYW1lc2hrXC91cGxvYWRzXC9pbWFnZS0yMDE3LTA2LTE2LTA1LTM5MzUtLVVudGl0bGVkLTEoNDIpLmpwZyJ9LHsiaSI6IjIxIiwicCI6IjYwMDAiLCJucCI6IjYwMDAiLCJuIjoi2KrbjNix2KfZhduM2LPZiCIsImltIjoiaHR0cDpcL1wvbXNhYmFlaWFuLmlyXC9UYW1lc2hrXC91cGxvYWRzXC9pbWFnZS0yMDE3LTA2LTE2LTA1LTQwMzUtLTE5MTE0LmpwZyJ9XX0seyJvbi1zYWxlIjpbeyJpIjoiMyIsInAiOiIyMDAwIiwibnAiOiI1MDAiLCJuIjoi2YHZhNin2YHZhCIsImltIjoiaHR0cDpcL1wvbXNhYmFlaWFuLmlyXC9UYW1lc2hrXC91cGxvYWRzXC9pbWFnZS0yMDE3LTA2LTE1LTE1LTEwMTgtLURTQ18wMzcxLmpwZyJ9LHsiaSI6IjciLCJwIjoiMTAwMDAiLCJucCI6Ijg1MDAiLCJuIjoi2LPbjNio4oCM2LLZhduM2YbbjCDYs9ix2K7igIzYtNiv2YciLCJpbSI6Imh0dHA6XC9cL21zYWJhZWlhbi5pclwvVGFtZXNoa1wvdXBsb2Fkc1wvaW1hZ2UtMjAxNy0wNi0xNS0xNS0xNTE5LS0xMTI1MC5qcGcifSx7ImkiOiIyMyIsInAiOiI0MDAwIiwibnAiOiIzNTAwIiwibiI6Itiu2LTaqSDZhdis2YTYs9uMIiwiaW0iOiJodHRwOlwvXC9tc2FiYWVpYW4uaXJcL1RhbWVzaGtcL3VwbG9hZHNcL2ltYWdlLTIwMTctMDYtMTgtMDUtNTcyNC0tS0gwNy5qcGcifSx7ImkiOiIzMiIsInAiOiIxNjAwMCIsIm5wIjoiMTUwMCIsIm4iOiLZvtuM2KrYstinINm+2b7YsdmI2YbbjCIsImltIjoiaHR0cDpcL1wvbXNhYmFlaWFuLmlyXC9UYW1lc2hrXC91cGxvYWRzXC9pbWFnZS0yMDE3LTA2LTI5LTEzLTUxMjItLTE1MV8xc3R1ZmZlZF9jcnVzdF9waXp6YS1lMTQ0MDg2NDQ0MjY1Mi5qcGcifV19XQ==', '', '2017-06-29 16:18:52', 0),
(46, 1, 'top_splash', 'http://s9.picofile.com/file/8299153026/11.jpg', 'se', '2017-06-29 16:26:55', 0),
(47, 1, 'top_splash', 'http://s9.picofile.com/file/8299153026/11.jpg', 'section:2', '2017-06-29 16:27:18', 1),
(48, 1, 'especial_title', 'پیشنهاد تمشک', '', '2017-06-29 16:27:23', 0),
(49, 1, 'homeData', 'W3sidG9wX3NwbGFzaCI6W3siYiI6Imh0dHA6XC9cL3M5LnBpY29maWxlLmNvbVwvZmlsZVwvODI5NzkwNDE4NFwvMy5qcGciLCJ0IjoiY2F0ZWdvcnkiLCJpIjoiMjMgIn0seyJiIjoiaHR0cDpcL1wvY2RuLmxpdmVuZXR3b3JrLml0XC9uZXdzXC80NDYzMjdcL2dhbGxlcnlcLzE4NDg1MjNfZTZlNWQyXzc2N3gzNzIuanBnIiwidCI6ImxpbmsiLCJpIjoidmFyemVzaDMuY29tIn0seyJiIjoiaHR0cDpcL1wvczgucGljb2ZpbGUuY29tXC9maWxlXC84Mjk5MTUwNzE4XC8yXzVkZjIucG5nIiwidCI6InNob3AiLCJpIjoiMSJ9LHsiYiI6Imh0dHA6XC9cL3M5LnBpY29maWxlLmNvbVwvZmlsZVwvODI5OTE1MjU5MlwvY2FrZV9iYW5lcjEuanBnIiwidCI6InNlY3Rpb24iLCJpIjoiMyJ9LHsiYiI6Imh0dHA6XC9cL3M5LnBpY29maWxlLmNvbVwvZmlsZVwvODI5OTE1MzAyNlwvMTEuanBnIiwidCI6Im5vdGhpbmciLCJpIjowfSx7ImIiOiJodHRwOlwvXC9zOS5waWNvZmlsZS5jb21cL2ZpbGVcLzgyOTkxNTMwMjZcLzExLmpwZyIsInQiOiJzZWN0aW9uIiwiaSI6IjIifV19LHsiYm90dG9tX3NwbGFzaCI6W3siYiI6Imh0dHA6XC9cL3d3dy5zYW5hcmljYWZvb2RzLmNvbVwvaW1hZ2VzXC9iYW5uZXI1LnBuZyIsInQiOiJzaG9wIiwiaSI6IjIifSx7ImIiOiJodHRwOlwvXC9vZnJmLm9yZ1wvc2l0ZXNcL29mcmYub3JnXC9maWxlc1wvZm9vZC1zYWZldHktYmFubmVyLmpwZyIsInQiOiJzZWN0aW9uIiwiaSI6IjMifV19LHsiZXNwZWNpYWwiOlt7ImVuYW1lIjoi2b7bjNi02YbZh9in2K8g2KrZhdi02qkifSx7ImkiOiIxNSIsInAiOiIxMzAwMCIsIm5wIjoiMjAwMCIsIm4iOiLYtNuM2LHbjNmG24wg2K/Yp9mG2YXYp9ix2qnbjCIsImltIjoiaHR0cDpcL1wvbXNhYmFlaWFuLmlyXC9UYW1lc2hrXC91cGxvYWRzXC9pbWFnZS0yMDE3LTA2LTE2LTA1LTM0NDYtLTEyMS5qcGcifSx7ImkiOiIyMCIsInAiOiI5MDAwIiwibnAiOiI5MDAwIiwibiI6Itqp2Yjaqdiq2YQiLCJpbSI6Imh0dHA6XC9cL21zYWJhZWlhbi5pclwvVGFtZXNoa1wvdXBsb2Fkc1wvaW1hZ2UtMjAxNy0wNi0xNi0wNS0zOTM1LS1VbnRpdGxlZC0xKDQyKS5qcGcifSx7ImkiOiIyMSIsInAiOiI2MDAwIiwibnAiOiI2MDAwIiwibiI6Itiq24zYsdin2YXbjNiz2YgiLCJpbSI6Imh0dHA6XC9cL21zYWJhZWlhbi5pclwvVGFtZXNoa1wvdXBsb2Fkc1wvaW1hZ2UtMjAxNy0wNi0xNi0wNS00MDM1LS0xOTExNC5qcGcifV19LHsib24tc2FsZSI6W3siaSI6IjMiLCJwIjoiMjAwMCIsIm5wIjoiNTAwIiwibiI6ItmB2YTYp9mB2YQiLCJpbSI6Imh0dHA6XC9cL21zYWJhZWlhbi5pclwvVGFtZXNoa1wvdXBsb2Fkc1wvaW1hZ2UtMjAxNy0wNi0xNS0xNS0xMDE4LS1EU0NfMDM3MS5qcGcifSx7ImkiOiI3IiwicCI6IjEwMDAwIiwibnAiOiI4NTAwIiwibiI6Itiz24zYqOKAjNiy2YXbjNmG24wg2LPYsdiu4oCM2LTYr9mHIiwiaW0iOiJodHRwOlwvXC9tc2FiYWVpYW4uaXJcL1RhbWVzaGtcL3VwbG9hZHNcL2ltYWdlLTIwMTctMDYtMTUtMTUtMTUxOS0tMTEyNTAuanBnIn0seyJpIjoiMjMiLCJwIjoiNDAwMCIsIm5wIjoiMzUwMCIsIm4iOiLYrti02qkg2YXYrNmE2LPbjCIsImltIjoiaHR0cDpcL1wvbXNhYmFlaWFuLmlyXC9UYW1lc2hrXC91cGxvYWRzXC9pbWFnZS0yMDE3LTA2LTE4LTA1LTU3MjQtLUtIMDcuanBnIn0seyJpIjoiMzIiLCJwIjoiMTYwMDAiLCJucCI6IjE1MDAiLCJuIjoi2b7bjNiq2LLYpyDZvtm+2LHZiNmG24wiLCJpbSI6Imh0dHA6XC9cL21zYWJhZWlhbi5pclwvVGFtZXNoa1wvdXBsb2Fkc1wvaW1hZ2UtMjAxNy0wNi0yOS0xMy01MTIyLS0xNTFfMXN0dWZmZWRfY3J1c3RfcGl6emEtZTE0NDA4NjQ0NDI2NTIuanBnIn1dfV0=', '', '2017-06-29 16:27:24', 0),
(50, 1, 'top_splash', 'http://s9.picofile.com/file/8299153618/friut1.jpg', 'section:4', '2017-06-29 16:34:28', 1),
(51, 1, 'especial_title', 'پیشنهاد تمشک', '', '2017-06-29 16:34:31', 0),
(52, 1, 'homeData', 'W3sidG9wX3NwbGFzaCI6W3siYiI6Imh0dHA6XC9cL3M5LnBpY29maWxlLmNvbVwvZmlsZVwvODI5NzkwNDE4NFwvMy5qcGciLCJ0IjoiY2F0ZWdvcnkiLCJpIjoiMjMgIn0seyJiIjoiaHR0cDpcL1wvY2RuLmxpdmVuZXR3b3JrLml0XC9uZXdzXC80NDYzMjdcL2dhbGxlcnlcLzE4NDg1MjNfZTZlNWQyXzc2N3gzNzIuanBnIiwidCI6ImxpbmsiLCJpIjoidmFyemVzaDMuY29tIn0seyJiIjoiaHR0cDpcL1wvczgucGljb2ZpbGUuY29tXC9maWxlXC84Mjk5MTUwNzE4XC8yXzVkZjIucG5nIiwidCI6InNob3AiLCJpIjoiMSJ9LHsiYiI6Imh0dHA6XC9cL3M5LnBpY29maWxlLmNvbVwvZmlsZVwvODI5OTE1MjU5MlwvY2FrZV9iYW5lcjEuanBnIiwidCI6InNlY3Rpb24iLCJpIjoiMyJ9LHsiYiI6Imh0dHA6XC9cL3M5LnBpY29maWxlLmNvbVwvZmlsZVwvODI5OTE1MzAyNlwvMTEuanBnIiwidCI6InNlY3Rpb24iLCJpIjoiMiJ9LHsiYiI6Imh0dHA6XC9cL3M5LnBpY29maWxlLmNvbVwvZmlsZVwvODI5OTE1MzYxOFwvZnJpdXQxLmpwZyIsInQiOiJzZWN0aW9uIiwiaSI6IjQifV19LHsiYm90dG9tX3NwbGFzaCI6W3siYiI6Imh0dHA6XC9cL3d3dy5zYW5hcmljYWZvb2RzLmNvbVwvaW1hZ2VzXC9iYW5uZXI1LnBuZyIsInQiOiJzaG9wIiwiaSI6IjIifSx7ImIiOiJodHRwOlwvXC9vZnJmLm9yZ1wvc2l0ZXNcL29mcmYub3JnXC9maWxlc1wvZm9vZC1zYWZldHktYmFubmVyLmpwZyIsInQiOiJzZWN0aW9uIiwiaSI6IjMifV19LHsiZXNwZWNpYWwiOlt7ImVuYW1lIjoi2b7bjNi02YbZh9in2K8g2KrZhdi02qkifSx7ImkiOiIxNSIsInAiOiIxMzAwMCIsIm5wIjoiMjAwMCIsIm4iOiLYtNuM2LHbjNmG24wg2K/Yp9mG2YXYp9ix2qnbjCIsImltIjoiaHR0cDpcL1wvbXNhYmFlaWFuLmlyXC9UYW1lc2hrXC91cGxvYWRzXC9pbWFnZS0yMDE3LTA2LTE2LTA1LTM0NDYtLTEyMS5qcGcifSx7ImkiOiIyMCIsInAiOiI5MDAwIiwibnAiOiI5MDAwIiwibiI6Itqp2Yjaqdiq2YQiLCJpbSI6Imh0dHA6XC9cL21zYWJhZWlhbi5pclwvVGFtZXNoa1wvdXBsb2Fkc1wvaW1hZ2UtMjAxNy0wNi0xNi0wNS0zOTM1LS1VbnRpdGxlZC0xKDQyKS5qcGcifSx7ImkiOiIyMSIsInAiOiI2MDAwIiwibnAiOiI2MDAwIiwibiI6Itiq24zYsdin2YXbjNiz2YgiLCJpbSI6Imh0dHA6XC9cL21zYWJhZWlhbi5pclwvVGFtZXNoa1wvdXBsb2Fkc1wvaW1hZ2UtMjAxNy0wNi0xNi0wNS00MDM1LS0xOTExNC5qcGcifV19LHsib24tc2FsZSI6W3siaSI6IjMiLCJwIjoiMjAwMCIsIm5wIjoiNTAwIiwibiI6ItmB2YTYp9mB2YQiLCJpbSI6Imh0dHA6XC9cL21zYWJhZWlhbi5pclwvVGFtZXNoa1wvdXBsb2Fkc1wvaW1hZ2UtMjAxNy0wNi0xNS0xNS0xMDE4LS1EU0NfMDM3MS5qcGcifSx7ImkiOiI3IiwicCI6IjEwMDAwIiwibnAiOiI4NTAwIiwibiI6Itiz24zYqOKAjNiy2YXbjNmG24wg2LPYsdiu4oCM2LTYr9mHIiwiaW0iOiJodHRwOlwvXC9tc2FiYWVpYW4uaXJcL1RhbWVzaGtcL3VwbG9hZHNcL2ltYWdlLTIwMTctMDYtMTUtMTUtMTUxOS0tMTEyNTAuanBnIn0seyJpIjoiMjMiLCJwIjoiNDAwMCIsIm5wIjoiMzUwMCIsIm4iOiLYrti02qkg2YXYrNmE2LPbjCIsImltIjoiaHR0cDpcL1wvbXNhYmFlaWFuLmlyXC9UYW1lc2hrXC91cGxvYWRzXC9pbWFnZS0yMDE3LTA2LTE4LTA1LTU3MjQtLUtIMDcuanBnIn0seyJpIjoiMzIiLCJwIjoiMTYwMDAiLCJucCI6IjE1MDAiLCJuIjoi2b7bjNiq2LLYpyDZvtm+2LHZiNmG24wiLCJpbSI6Imh0dHA6XC9cL21zYWJhZWlhbi5pclwvVGFtZXNoa1wvdXBsb2Fkc1wvaW1hZ2UtMjAxNy0wNi0yOS0xMy01MTIyLS0xNTFfMXN0dWZmZWRfY3J1c3RfcGl6emEtZTE0NDA4NjQ0NDI2NTIuanBnIn1dfV0=', '', '2017-06-29 16:34:33', 0),
(53, 1, 'bottom_splash', 'http://ofrf.org/sites/ofrf.org/files/food-safety-banner.jpg ', 'section:4', '2017-06-30 22:50:28', 1),
(54, 1, 'especial_title', 'پیشنهاد تمشک', '', '2017-06-30 22:50:33', 0);
INSERT INTO `cities_meta` (`city_meta_id`, `city_meta_city_id`, `city_meta_key`, `city_meta_value`, `city_meta_data`, `city_meta_date`, `city_meta_active`) VALUES
(55, 1, 'homeData', 'W3sidG9wX3NwbGFzaCI6W3siYiI6Imh0dHA6XC9cL3M5LnBpY29maWxlLmNvbVwvZmlsZVwvODI5NzkwNDE4NFwvMy5qcGciLCJ0IjoiY2F0ZWdvcnkiLCJpIjoiMjMgIn0seyJiIjoiaHR0cDpcL1wvY2RuLmxpdmVuZXR3b3JrLml0XC9uZXdzXC80NDYzMjdcL2dhbGxlcnlcLzE4NDg1MjNfZTZlNWQyXzc2N3gzNzIuanBnIiwidCI6ImxpbmsiLCJpIjoidmFyemVzaDMuY29tIn0seyJiIjoiaHR0cDpcL1wvczgucGljb2ZpbGUuY29tXC9maWxlXC84Mjk5MTUwNzE4XC8yXzVkZjIucG5nIiwidCI6InNob3AiLCJpIjoiMSJ9LHsiYiI6Imh0dHA6XC9cL3M5LnBpY29maWxlLmNvbVwvZmlsZVwvODI5OTE1MjU5MlwvY2FrZV9iYW5lcjEuanBnIiwidCI6InNlY3Rpb24iLCJpIjoiMyJ9LHsiYiI6Imh0dHA6XC9cL3M5LnBpY29maWxlLmNvbVwvZmlsZVwvODI5OTE1MzAyNlwvMTEuanBnIiwidCI6InNlY3Rpb24iLCJpIjoiMiJ9LHsiYiI6Imh0dHA6XC9cL3M5LnBpY29maWxlLmNvbVwvZmlsZVwvODI5OTE1MzYxOFwvZnJpdXQxLmpwZyIsInQiOiJzZWN0aW9uIiwiaSI6IjQifV19LHsiYm90dG9tX3NwbGFzaCI6W3siYiI6Imh0dHA6XC9cL3d3dy5zYW5hcmljYWZvb2RzLmNvbVwvaW1hZ2VzXC9iYW5uZXI1LnBuZyIsInQiOiJzaG9wIiwiaSI6IjIifSx7ImIiOiJodHRwOlwvXC9vZnJmLm9yZ1wvc2l0ZXNcL29mcmYub3JnXC9maWxlc1wvZm9vZC1zYWZldHktYmFubmVyLmpwZyAiLCJ0Ijoic2VjdGlvbiIsImkiOiI0In1dfSx7ImVzcGVjaWFsIjpbeyJlbmFtZSI6Itm+24zYtNmG2YfYp9ivINiq2YXYtNqpIn0seyJpIjoiMTUiLCJwIjoiMTMwMDAiLCJucCI6IjIwMDAiLCJuIjoi2LTbjNix24zZhtuMINiv2KfZhtmF2KfYsdqp24wiLCJpbSI6Imh0dHA6XC9cL21zYWJhZWlhbi5pclwvVGFtZXNoa1wvdXBsb2Fkc1wvaW1hZ2UtMjAxNy0wNi0xNi0wNS0zNDQ2LS0xMjEuanBnIn0seyJpIjoiMjAiLCJwIjoiOTAwMCIsIm5wIjoiOTAwMCIsIm4iOiLaqdmI2qnYqtmEIiwiaW0iOiJodHRwOlwvXC9tc2FiYWVpYW4uaXJcL1RhbWVzaGtcL3VwbG9hZHNcL2ltYWdlLTIwMTctMDYtMTYtMDUtMzkzNS0tVW50aXRsZWQtMSg0MikuanBnIn0seyJpIjoiMjEiLCJwIjoiNjAwMCIsIm5wIjoiNjAwMCIsIm4iOiLYqtuM2LHYp9mF24zYs9mIIiwiaW0iOiJodHRwOlwvXC9tc2FiYWVpYW4uaXJcL1RhbWVzaGtcL3VwbG9hZHNcL2ltYWdlLTIwMTctMDYtMTYtMDUtNDAzNS0tMTkxMTQuanBnIn1dfSx7Im9uLXNhbGUiOlt7ImkiOiIzIiwicCI6IjIwMDAiLCJucCI6IjUwMCIsIm4iOiLZgdmE2KfZgdmEIiwiaW0iOiJodHRwOlwvXC9tc2FiYWVpYW4uaXJcL1RhbWVzaGtcL3VwbG9hZHNcL2ltYWdlLTIwMTctMDYtMTUtMTUtMTAxOC0tRFNDXzAzNzEuanBnIn0seyJpIjoiNyIsInAiOiIxMDAwMCIsIm5wIjoiODUwMCIsIm4iOiLYs9uM2KjigIzYstmF24zZhtuMINiz2LHYruKAjNi02K/ZhyIsImltIjoiaHR0cDpcL1wvbXNhYmFlaWFuLmlyXC9UYW1lc2hrXC91cGxvYWRzXC9pbWFnZS0yMDE3LTA2LTE1LTE1LTE1MTktLTExMjUwLmpwZyJ9LHsiaSI6IjIzIiwicCI6IjQwMDAiLCJucCI6IjM1MDAiLCJuIjoi2K7YtNqpINmF2KzZhNiz24wiLCJpbSI6Imh0dHA6XC9cL21zYWJhZWlhbi5pclwvVGFtZXNoa1wvdXBsb2Fkc1wvaW1hZ2UtMjAxNy0wNi0xOC0wNS01NzI0LS1LSDA3LmpwZyJ9LHsiaSI6IjMyIiwicCI6IjE2MDAwIiwibnAiOiIxMjAwMCIsIm4iOiLZvtuM2KrYstinINm+2b7YsdmI2YbbjCIsImltIjoiaHR0cDpcL1wvbXNhYmFlaWFuLmlyXC9UYW1lc2hrXC91cGxvYWRzXC9pbWFnZS0yMDE3LTA2LTI5LTEzLTUxMjItLTE1MV8xc3R1ZmZlZF9jcnVzdF9waXp6YS1lMTQ0MDg2NDQ0MjY1Mi5qcGcifV19XQ==', '', '2017-06-30 22:50:36', 0),
(56, 1, 'homeData', 'W3sidG9wX3NwbGFzaCI6W3siYiI6Imh0dHA6XC9cL3M5LnBpY29maWxlLmNvbVwvZmlsZVwvODI5NzkwNDE4NFwvMy5qcGciLCJ0IjoiY2F0ZWdvcnkiLCJpIjoiMjMgIn0seyJiIjoiaHR0cDpcL1wvY2RuLmxpdmVuZXR3b3JrLml0XC9uZXdzXC80NDYzMjdcL2dhbGxlcnlcLzE4NDg1MjNfZTZlNWQyXzc2N3gzNzIuanBnIiwidCI6ImxpbmsiLCJpIjoidmFyemVzaDMuY29tIn0seyJiIjoiaHR0cDpcL1wvczgucGljb2ZpbGUuY29tXC9maWxlXC84Mjk5MTUwNzE4XC8yXzVkZjIucG5nIiwidCI6InNob3AiLCJpIjoiMSJ9LHsiYiI6Imh0dHA6XC9cL3M5LnBpY29maWxlLmNvbVwvZmlsZVwvODI5OTE1MjU5MlwvY2FrZV9iYW5lcjEuanBnIiwidCI6InNlY3Rpb24iLCJpIjoiMyJ9LHsiYiI6Imh0dHA6XC9cL3M5LnBpY29maWxlLmNvbVwvZmlsZVwvODI5OTE1MzAyNlwvMTEuanBnIiwidCI6InNlY3Rpb24iLCJpIjoiMiJ9LHsiYiI6Imh0dHA6XC9cL3M5LnBpY29maWxlLmNvbVwvZmlsZVwvODI5OTE1MzYxOFwvZnJpdXQxLmpwZyIsInQiOiJzZWN0aW9uIiwiaSI6IjQifV19LHsiYm90dG9tX3NwbGFzaCI6W3siYiI6Imh0dHA6XC9cL3d3dy5zYW5hcmljYWZvb2RzLmNvbVwvaW1hZ2VzXC9iYW5uZXI1LnBuZyIsInQiOiJzaG9wIiwiaSI6IjIifSx7ImIiOiJodHRwOlwvXC9vZnJmLm9yZ1wvc2l0ZXNcL29mcmYub3JnXC9maWxlc1wvZm9vZC1zYWZldHktYmFubmVyLmpwZyAiLCJ0Ijoic2VjdGlvbiIsImkiOiI0In1dfSx7ImVzcGVjaWFsIjpbeyJlbmFtZSI6Itm+24zYtNmG2YfYp9ivINiq2YXYtNqpIn0seyJpIjoiMTUiLCJwIjoiMTMwMDAiLCJucCI6IjIwMDAiLCJuIjoi2LTbjNix24zZhtuMINiv2KfZhtmF2KfYsdqp24wiLCJpbSI6Imh0dHA6XC9cL21zYWJhZWlhbi5pclwvVGFtZXNoa1wvdXBsb2Fkc1wvaW1hZ2UtMjAxNy0wNi0xNi0wNS0zNDQ2LS0xMjEuanBnIn0seyJpIjoiMjAiLCJwIjoiOTAwMCIsIm5wIjoiOTAwMCIsIm4iOiLaqdmI2qnYqtmEIiwiaW0iOiJodHRwOlwvXC9tc2FiYWVpYW4uaXJcL1RhbWVzaGtcL3VwbG9hZHNcL2ltYWdlLTIwMTctMDYtMTYtMDUtMzkzNS0tVW50aXRsZWQtMSg0MikuanBnIn0seyJpIjoiMjEiLCJwIjoiNjAwMCIsIm5wIjoiNjAwMCIsIm4iOiLYqtuM2LHYp9mF24zYs9mIIiwiaW0iOiJodHRwOlwvXC9tc2FiYWVpYW4uaXJcL1RhbWVzaGtcL3VwbG9hZHNcL2ltYWdlLTIwMTctMDYtMTYtMDUtNDAzNS0tMTkxMTQuanBnIn1dfSx7Im9uLXNhbGUiOlt7ImkiOiIzIiwicCI6IjIwMDAiLCJucCI6IjUwMCIsIm4iOiLZgdmE2KfZgdmEIiwiaW0iOiJodHRwOlwvXC9tc2FiYWVpYW4uaXJcL1RhbWVzaGtcL3VwbG9hZHNcL2ltYWdlLTIwMTctMDYtMTUtMTUtMTAxOC0tRFNDXzAzNzEuanBnIn0seyJpIjoiNyIsInAiOiIxMDAwMCIsIm5wIjoiODUwMCIsIm4iOiLYs9uM2KjigIzYstmF24zZhtuMINiz2LHYruKAjNi02K/ZhyIsImltIjoiaHR0cDpcL1wvbXNhYmFlaWFuLmlyXC9UYW1lc2hrXC91cGxvYWRzXC9pbWFnZS0yMDE3LTA2LTE1LTE1LTE1MTktLTExMjUwLmpwZyJ9LHsiaSI6IjIzIiwicCI6IjQwMDAiLCJucCI6IjM1MDAiLCJuIjoi2K7YtNqpINmF2KzZhNiz24wiLCJpbSI6Imh0dHA6XC9cL21zYWJhZWlhbi5pclwvVGFtZXNoa1wvdXBsb2Fkc1wvaW1hZ2UtMjAxNy0wNi0xOC0wNS01NzI0LS1LSDA3LmpwZyJ9LHsiaSI6IjMyIiwicCI6IjE2MDAwIiwibnAiOiIxMjAwMCIsIm4iOiLZvtuM2KrYstinINm+2b7YsdmI2YbbjCIsImltIjoiaHR0cDpcL1wvbXNhYmFlaWFuLmlyXC9UYW1lc2hrXC91cGxvYWRzXC9pbWFnZS0yMDE3LTA2LTI5LTEzLTUxMjItLTE1MV8xc3R1ZmZlZF9jcnVzdF9waXp6YS1lMTQ0MDg2NDQ0MjY1Mi5qcGcifV19XQ==', '', '2017-06-30 22:57:03', 0),
(57, 1, 'homeData', 'W3sidG9wX3NwbGFzaCI6W3siYiI6Imh0dHA6XC9cL2Nkbi5saXZlbmV0d29yay5pdFwvbmV3c1wvNDQ2MzI3XC9nYWxsZXJ5XC8xODQ4NTIzX2U2ZTVkMl83Njd4MzcyLmpwZyIsInQiOiJsaW5rIiwiaSI6InZhcnplc2gzLmNvbSJ9LHsiYiI6Imh0dHA6XC9cL3M4LnBpY29maWxlLmNvbVwvZmlsZVwvODI5OTE1MDcxOFwvMl81ZGYyLnBuZyIsInQiOiJzaG9wIiwiaSI6IjEifSx7ImIiOiJodHRwOlwvXC9zOS5waWNvZmlsZS5jb21cL2ZpbGVcLzgyOTkxNTI1OTJcL2Nha2VfYmFuZXIxLmpwZyIsInQiOiJzZWN0aW9uIiwiaSI6IjMifSx7ImIiOiJodHRwOlwvXC9zOS5waWNvZmlsZS5jb21cL2ZpbGVcLzgyOTkxNTMwMjZcLzExLmpwZyIsInQiOiJzZWN0aW9uIiwiaSI6IjIifSx7ImIiOiJodHRwOlwvXC9zOS5waWNvZmlsZS5jb21cL2ZpbGVcLzgyOTkxNTM2MThcL2ZyaXV0MS5qcGciLCJ0Ijoic2VjdGlvbiIsImkiOiI0In1dfSx7ImJvdHRvbV9zcGxhc2giOlt7ImIiOiJodHRwOlwvXC93d3cuc2FuYXJpY2Fmb29kcy5jb21cL2ltYWdlc1wvYmFubmVyNS5wbmciLCJ0Ijoic2hvcCIsImkiOiIyIn0seyJiIjoiaHR0cDpcL1wvb2ZyZi5vcmdcL3NpdGVzXC9vZnJmLm9yZ1wvZmlsZXNcL2Zvb2Qtc2FmZXR5LWJhbm5lci5qcGcgIiwidCI6InNlY3Rpb24iLCJpIjoiNCJ9XX0seyJlc3BlY2lhbCI6W3siZW5hbWUiOiLZvtuM2LTZhtmH2KfYryDYqtmF2LTaqSJ9LHsiaSI6IjE1IiwicCI6IjEzMDAwIiwibnAiOiIyMDAwIiwibiI6Iti024zYsduM2YbbjCDYr9in2YbZhdin2LHaqduMIiwiaW0iOiJodHRwOlwvXC9tc2FiYWVpYW4uaXJcL1RhbWVzaGtcL3VwbG9hZHNcL2ltYWdlLTIwMTctMDYtMTYtMDUtMzQ0Ni0tMTIxLmpwZyJ9LHsiaSI6IjIwIiwicCI6IjkwMDAiLCJucCI6IjkwMDAiLCJuIjoi2qnZiNqp2KrZhCIsImltIjoiaHR0cDpcL1wvbXNhYmFlaWFuLmlyXC9UYW1lc2hrXC91cGxvYWRzXC9pbWFnZS0yMDE3LTA2LTE2LTA1LTM5MzUtLVVudGl0bGVkLTEoNDIpLmpwZyJ9LHsiaSI6IjIxIiwicCI6IjYwMDAiLCJucCI6IjYwMDAiLCJuIjoi2KrbjNix2KfZhduM2LPZiCIsImltIjoiaHR0cDpcL1wvbXNhYmFlaWFuLmlyXC9UYW1lc2hrXC91cGxvYWRzXC9pbWFnZS0yMDE3LTA2LTE2LTA1LTQwMzUtLTE5MTE0LmpwZyJ9LHsiaSI6IjMzIiwicCI6IjkwMDAiLCJucCI6IjgwMDAiLCJuIjoi2LPYp9mG4oCM2LTYp9uM2YYiLCJpbSI6Imh0dHA6XC9cL21zYWJhZWlhbi5pclwvVGFtZXNoa1wvdXBsb2Fkc1wvaW1hZ2UtMjAxNy0wNi0zMC0yMi01NjQzLS1mbzI3MTUuanBnIn1dfSx7Im9uLXNhbGUiOlt7ImkiOiIzIiwicCI6IjIwMDAiLCJucCI6IjUwMCIsIm4iOiLZgdmE2KfZgdmEIiwiaW0iOiJodHRwOlwvXC9tc2FiYWVpYW4uaXJcL1RhbWVzaGtcL3VwbG9hZHNcL2ltYWdlLTIwMTctMDYtMTUtMTUtMTAxOC0tRFNDXzAzNzEuanBnIn0seyJpIjoiNyIsInAiOiIxMDAwMCIsIm5wIjoiODUwMCIsIm4iOiLYs9uM2KjigIzYstmF24zZhtuMINiz2LHYruKAjNi02K/ZhyIsImltIjoiaHR0cDpcL1wvbXNhYmFlaWFuLmlyXC9UYW1lc2hrXC91cGxvYWRzXC9pbWFnZS0yMDE3LTA2LTE1LTE1LTE1MTktLTExMjUwLmpwZyJ9LHsiaSI6IjE0IiwicCI6IjcwMDAiLCJucCI6IjEwMDAiLCJuIjoi2K7ZiNix2KfaqSDZhdix2LoiLCJpbSI6Imh0dHA6XC9cL21zYWJhZWlhbi5pclwvVGFtZXNoa1wvdXBsb2Fkc1wvaW1hZ2UtMjAxNy0wNi0xNi0wNS0wNzEwLS0xNDY1MjE4MjE2NzMwNzgtaXJhbm5hei1jb20uanBnIn0seyJpIjoiMjMiLCJwIjoiNDAwMCIsIm5wIjoiMzUwMCIsIm4iOiLYrti02qkg2YXYrNmE2LPbjCIsImltIjoiaHR0cDpcL1wvbXNhYmFlaWFuLmlyXC9UYW1lc2hrXC91cGxvYWRzXC9pbWFnZS0yMDE3LTA2LTE4LTA1LTU3MjQtLUtIMDcuanBnIn0seyJpIjoiMzUiLCJwIjoiMzAwMCIsIm5wIjoiMjAwMCIsIm4iOiLYrtuM2KfYsSIsImltIjoiaHR0cDpcL1wvbXNhYmFlaWFuLmlyXC9UYW1lc2hrXC91cGxvYWRzXC9pbWFnZS0yMDE3LTA3LTAxLTE3LTA5MzYtLWhlNDAxNC5qcGcifSx7ImkiOiIzNiIsInAiOiI1MDAwIiwibnAiOiI0MDAwIiwibiI6Itiz24zYqCDYr9ix2K7YqtuMIiwiaW0iOiJodHRwOlwvXC9tc2FiYWVpYW4uaXJcL1RhbWVzaGtcL3VwbG9hZHNcL2ltYWdlLTIwMTctMDctMDEtMTctMTEzOC0tOTY1X29yaWcuanBnIn0seyJpIjoiMzciLCJwIjoiMjUwMCIsIm5wIjoiMTUwMCIsIm4iOiLar9i02YbbjNiyIiwiaW0iOiJodHRwOlwvXC9tc2FiYWVpYW4uaXJcL1RhbWVzaGtcL3VwbG9hZHNcL2ltYWdlLTIwMTctMDctMDEtMTctMTIxNC0t2K7ZiNin2LUt2q/YtNmG24zYsi5qcGcifSx7ImkiOiIzMiIsInAiOiIxNjAwMCIsIm5wIjoiMTIwMDAiLCJuIjoi2b7bjNiq2LLYpyDZvtm+2LHZiNmG24wiLCJpbSI6Imh0dHA6XC9cL21zYWJhZWlhbi5pclwvVGFtZXNoa1wvdXBsb2Fkc1wvaW1hZ2UtMjAxNy0wNi0yOS0xMy01MTIyLS0xNTFfMXN0dWZmZWRfY3J1c3RfcGl6emEtZTE0NDA4NjQ0NDI2NTIuanBnIn1dfV0=', '', '2017-07-01 17:59:39', 0),
(58, 1, 'bottom_splash', 'http://s8.picofile.com/file/8299321384/%D8%A7%D8%B3%D9%84%D8%A7%DB%8C%D8%AF2_copy.jpg', 'section:4', '2017-07-01 18:11:49', 1),
(59, 1, 'homeData', 'W3sidG9wX3NwbGFzaCI6W3siYiI6Imh0dHA6XC9cL2Nkbi5saXZlbmV0d29yay5pdFwvbmV3c1wvNDQ2MzI3XC9nYWxsZXJ5XC8xODQ4NTIzX2U2ZTVkMl83Njd4MzcyLmpwZyIsInQiOiJsaW5rIiwiaSI6InZhcnplc2gzLmNvbSJ9LHsiYiI6Imh0dHA6XC9cL3M4LnBpY29maWxlLmNvbVwvZmlsZVwvODI5OTE1MDcxOFwvMl81ZGYyLnBuZyIsInQiOiJzaG9wIiwiaSI6IjEifSx7ImIiOiJodHRwOlwvXC9zOS5waWNvZmlsZS5jb21cL2ZpbGVcLzgyOTkxNTI1OTJcL2Nha2VfYmFuZXIxLmpwZyIsInQiOiJzZWN0aW9uIiwiaSI6IjMifSx7ImIiOiJodHRwOlwvXC9zOS5waWNvZmlsZS5jb21cL2ZpbGVcLzgyOTkxNTMwMjZcLzExLmpwZyIsInQiOiJzZWN0aW9uIiwiaSI6IjIifSx7ImIiOiJodHRwOlwvXC9zOS5waWNvZmlsZS5jb21cL2ZpbGVcLzgyOTkxNTM2MThcL2ZyaXV0MS5qcGciLCJ0Ijoic2VjdGlvbiIsImkiOiI0In1dfSx7ImJvdHRvbV9zcGxhc2giOlt7ImIiOiJodHRwOlwvXC9vZnJmLm9yZ1wvc2l0ZXNcL29mcmYub3JnXC9maWxlc1wvZm9vZC1zYWZldHktYmFubmVyLmpwZyAiLCJ0Ijoic2VjdGlvbiIsImkiOiI0In0seyJiIjoiaHR0cDpcL1wvczgucGljb2ZpbGUuY29tXC9maWxlXC84Mjk5MzIxMzg0XC8lRDglQTclRDglQjMlRDklODQlRDglQTclREIlOEMlRDglQUYyX2NvcHkuanBnIiwidCI6InNlY3Rpb24iLCJpIjoiNCJ9XX0seyJlc3BlY2lhbCI6W3siZW5hbWUiOiLZvtuM2LTZhtmH2KfYryDYqtmF2LTaqSJ9LHsiaSI6IjE1IiwicCI6IjEzMDAwIiwibnAiOiIyMDAwIiwibiI6Iti024zYsduM2YbbjCDYr9in2YbZhdin2LHaqduMIiwiaW0iOiJodHRwOlwvXC9tc2FiYWVpYW4uaXJcL1RhbWVzaGtcL3VwbG9hZHNcL2ltYWdlLTIwMTctMDYtMTYtMDUtMzQ0Ni0tMTIxLmpwZyJ9LHsiaSI6IjIwIiwicCI6IjkwMDAiLCJucCI6IjkwMDAiLCJuIjoi2qnZiNqp2KrZhCIsImltIjoiaHR0cDpcL1wvbXNhYmFlaWFuLmlyXC9UYW1lc2hrXC91cGxvYWRzXC9pbWFnZS0yMDE3LTA2LTE2LTA1LTM5MzUtLVVudGl0bGVkLTEoNDIpLmpwZyJ9LHsiaSI6IjIxIiwicCI6IjYwMDAiLCJucCI6IjYwMDAiLCJuIjoi2KrbjNix2KfZhduM2LPZiCIsImltIjoiaHR0cDpcL1wvbXNhYmFlaWFuLmlyXC9UYW1lc2hrXC91cGxvYWRzXC9pbWFnZS0yMDE3LTA2LTE2LTA1LTQwMzUtLTE5MTE0LmpwZyJ9LHsiaSI6IjMzIiwicCI6IjkwMDAiLCJucCI6IjgwMDAiLCJuIjoi2LPYp9mG4oCM2LTYp9uM2YYiLCJpbSI6Imh0dHA6XC9cL21zYWJhZWlhbi5pclwvVGFtZXNoa1wvdXBsb2Fkc1wvaW1hZ2UtMjAxNy0wNi0zMC0yMi01NjQzLS1mbzI3MTUuanBnIn1dfSx7Im9uLXNhbGUiOlt7ImkiOiIzIiwicCI6IjIwMDAiLCJucCI6IjUwMCIsIm4iOiLZgdmE2KfZgdmEIiwiaW0iOiJodHRwOlwvXC9tc2FiYWVpYW4uaXJcL1RhbWVzaGtcL3VwbG9hZHNcL2ltYWdlLTIwMTctMDYtMTUtMTUtMTAxOC0tRFNDXzAzNzEuanBnIn0seyJpIjoiNyIsInAiOiIxMDAwMCIsIm5wIjoiODUwMCIsIm4iOiLYs9uM2KjigIzYstmF24zZhtuMINiz2LHYruKAjNi02K/ZhyIsImltIjoiaHR0cDpcL1wvbXNhYmFlaWFuLmlyXC9UYW1lc2hrXC91cGxvYWRzXC9pbWFnZS0yMDE3LTA2LTE1LTE1LTE1MTktLTExMjUwLmpwZyJ9LHsiaSI6IjE0IiwicCI6IjcwMDAiLCJucCI6IjEwMDAiLCJuIjoi2K7ZiNix2KfaqSDZhdix2LoiLCJpbSI6Imh0dHA6XC9cL21zYWJhZWlhbi5pclwvVGFtZXNoa1wvdXBsb2Fkc1wvaW1hZ2UtMjAxNy0wNi0xNi0wNS0wNzEwLS0xNDY1MjE4MjE2NzMwNzgtaXJhbm5hei1jb20uanBnIn0seyJpIjoiMjMiLCJwIjoiNDAwMCIsIm5wIjoiMzUwMCIsIm4iOiLYrti02qkg2YXYrNmE2LPbjCIsImltIjoiaHR0cDpcL1wvbXNhYmFlaWFuLmlyXC9UYW1lc2hrXC91cGxvYWRzXC9pbWFnZS0yMDE3LTA2LTE4LTA1LTU3MjQtLUtIMDcuanBnIn0seyJpIjoiMzUiLCJwIjoiMzAwMCIsIm5wIjoiMjAwMCIsIm4iOiLYrtuM2KfYsSIsImltIjoiaHR0cDpcL1wvbXNhYmFlaWFuLmlyXC9UYW1lc2hrXC91cGxvYWRzXC9pbWFnZS0yMDE3LTA3LTAxLTE3LTA5MzYtLWhlNDAxNC5qcGcifSx7ImkiOiIzNiIsInAiOiI1MDAwIiwibnAiOiI0MDAwIiwibiI6Itiz24zYqCDYr9ix2K7YqtuMIiwiaW0iOiJodHRwOlwvXC9tc2FiYWVpYW4uaXJcL1RhbWVzaGtcL3VwbG9hZHNcL2ltYWdlLTIwMTctMDctMDEtMTctMTEzOC0tOTY1X29yaWcuanBnIn0seyJpIjoiMzciLCJwIjoiMjUwMCIsIm5wIjoiMTUwMCIsIm4iOiLar9i02YbbjNiyIiwiaW0iOiJodHRwOlwvXC9tc2FiYWVpYW4uaXJcL1RhbWVzaGtcL3VwbG9hZHNcL2ltYWdlLTIwMTctMDctMDEtMTctMTIxNC0t2K7ZiNin2LUt2q/YtNmG24zYsi5qcGcifSx7ImkiOiIzMiIsInAiOiIxNjAwMCIsIm5wIjoiMTIwMDAiLCJuIjoi2b7bjNiq2LLYpyDZvtm+2LHZiNmG24wiLCJpbSI6Imh0dHA6XC9cL21zYWJhZWlhbi5pclwvVGFtZXNoa1wvdXBsb2Fkc1wvaW1hZ2UtMjAxNy0wNi0yOS0xMy01MTIyLS0xNTFfMXN0dWZmZWRfY3J1c3RfcGl6emEtZTE0NDA4NjQ0NDI2NTIuanBnIn1dfV0=', '', '2017-07-01 18:11:52', 0),
(60, 1, 'especial_title', 'پیشنهاد تمشک', '', '2017-07-02 16:07:56', 1),
(61, 1, 'homeData', 'W3sidG9wX3NwbGFzaCI6W3siYiI6Imh0dHA6XC9cL2Nkbi5saXZlbmV0d29yay5pdFwvbmV3c1wvNDQ2MzI3XC9nYWxsZXJ5XC8xODQ4NTIzX2U2ZTVkMl83Njd4MzcyLmpwZyIsInQiOiJsaW5rIiwiaSI6InZhcnplc2gzLmNvbSJ9LHsiYiI6Imh0dHA6XC9cL3M4LnBpY29maWxlLmNvbVwvZmlsZVwvODI5OTE1MDcxOFwvMl81ZGYyLnBuZyIsInQiOiJzaG9wIiwiaSI6IjEifSx7ImIiOiJodHRwOlwvXC9zOS5waWNvZmlsZS5jb21cL2ZpbGVcLzgyOTkxNTI1OTJcL2Nha2VfYmFuZXIxLmpwZyIsInQiOiJzZWN0aW9uIiwiaSI6IjMifSx7ImIiOiJodHRwOlwvXC9zOS5waWNvZmlsZS5jb21cL2ZpbGVcLzgyOTkxNTMwMjZcLzExLmpwZyIsInQiOiJzZWN0aW9uIiwiaSI6IjIifSx7ImIiOiJodHRwOlwvXC9zOS5waWNvZmlsZS5jb21cL2ZpbGVcLzgyOTkxNTM2MThcL2ZyaXV0MS5qcGciLCJ0Ijoic2VjdGlvbiIsImkiOiI0In1dfSx7ImJvdHRvbV9zcGxhc2giOlt7ImIiOiJodHRwOlwvXC9vZnJmLm9yZ1wvc2l0ZXNcL29mcmYub3JnXC9maWxlc1wvZm9vZC1zYWZldHktYmFubmVyLmpwZyAiLCJ0Ijoic2VjdGlvbiIsImkiOiI0In0seyJiIjoiaHR0cDpcL1wvczgucGljb2ZpbGUuY29tXC9maWxlXC84Mjk5MzIxMzg0XC8lRDglQTclRDglQjMlRDklODQlRDglQTclREIlOEMlRDglQUYyX2NvcHkuanBnIiwidCI6InNlY3Rpb24iLCJpIjoiNCJ9XX0seyJlc3BlY2lhbCI6W3siZW5hbWUiOiLZvtuM2LTZhtmH2KfYryDYqtmF2LTaqSJ9LHsiaSI6IjE1IiwicCI6IjEzMDAwIiwibnAiOiIyMDAwIiwibiI6Iti024zYsduM2YbbjCDYr9in2YbZhdin2LHaqduMIiwiaW0iOiJodHRwOlwvXC9tc2FiYWVpYW4uaXJcL1RhbWVzaGtcL3VwbG9hZHNcL2ltYWdlLTIwMTctMDYtMTYtMDUtMzQ0Ni0tMTIxLmpwZyJ9LHsiaSI6IjIwIiwicCI6IjkwMDAiLCJucCI6IjkwMDAiLCJuIjoi2qnZiNqp2KrZhCIsImltIjoiaHR0cDpcL1wvbXNhYmFlaWFuLmlyXC9UYW1lc2hrXC91cGxvYWRzXC9pbWFnZS0yMDE3LTA2LTE2LTA1LTM5MzUtLVVudGl0bGVkLTEoNDIpLmpwZyJ9LHsiaSI6IjIxIiwicCI6IjYwMDAiLCJucCI6IjYwMDAiLCJuIjoi2KrbjNix2KfZhduM2LPZiCIsImltIjoiaHR0cDpcL1wvbXNhYmFlaWFuLmlyXC9UYW1lc2hrXC91cGxvYWRzXC9pbWFnZS0yMDE3LTA2LTE2LTA1LTQwMzUtLTE5MTE0LmpwZyJ9LHsiaSI6IjMzIiwicCI6IjkwMDAiLCJucCI6IjgwMDAiLCJuIjoi2LPYp9mG4oCM2LTYp9uM2YYiLCJpbSI6Imh0dHA6XC9cL21zYWJhZWlhbi5pclwvVGFtZXNoa1wvdXBsb2Fkc1wvaW1hZ2UtMjAxNy0wNi0zMC0yMi01NjQzLS1mbzI3MTUuanBnIn0seyJpIjoiMzgiLCJwIjoiMzAwMCIsIm5wIjoiMjAwMCIsIm4iOiLYqNiz2KrZhtuMINmC24zZgduMIiwiaW0iOiJodHRwOlwvXC9tc2FiYWVpYW4uaXJcL1RhbWVzaGtcL3VwbG9hZHNcL2ltYWdlLTIwMTctMDctMDItMTYtMDQ1Ni0tUVdCRktJTkJOU1pQR1FEQlFDRFdUTk9OS0hMVVJJLmpwZyJ9XX0seyJvbi1zYWxlIjpbeyJpIjoiMyIsInAiOiIyMDAwIiwibnAiOiI1MDAiLCJuIjoi2YHZhNin2YHZhCIsImltIjoiaHR0cDpcL1wvbXNhYmFlaWFuLmlyXC9UYW1lc2hrXC91cGxvYWRzXC9pbWFnZS0yMDE3LTA2LTE1LTE1LTEwMTgtLURTQ18wMzcxLmpwZyJ9LHsiaSI6IjciLCJwIjoiMTAwMDAiLCJucCI6Ijg1MDAiLCJuIjoi2LPbjNio4oCM2LLZhduM2YbbjCDYs9ix2K7igIzYtNiv2YciLCJpbSI6Imh0dHA6XC9cL21zYWJhZWlhbi5pclwvVGFtZXNoa1wvdXBsb2Fkc1wvaW1hZ2UtMjAxNy0wNi0xNS0xNS0xNTE5LS0xMTI1MC5qcGcifSx7ImkiOiIxNCIsInAiOiI3MDAwIiwibnAiOiIxMDAwIiwibiI6Itiu2YjYsdin2qkg2YXYsdi6IiwiaW0iOiJodHRwOlwvXC9tc2FiYWVpYW4uaXJcL1RhbWVzaGtcL3VwbG9hZHNcL2ltYWdlLTIwMTctMDYtMTYtMDUtMDcxMC0tMTQ2NTIxODIxNjczMDc4LWlyYW5uYXotY29tLmpwZyJ9LHsiaSI6IjIzIiwicCI6IjQwMDAiLCJucCI6IjM1MDAiLCJuIjoi2K7YtNqpINmF2KzZhNiz24wiLCJpbSI6Imh0dHA6XC9cL21zYWJhZWlhbi5pclwvVGFtZXNoa1wvdXBsb2Fkc1wvaW1hZ2UtMjAxNy0wNi0xOC0wNS01NzI0LS1LSDA3LmpwZyJ9LHsiaSI6IjM1IiwicCI6IjMwMDAiLCJucCI6IjIwMDAiLCJuIjoi2K7bjNin2LEiLCJpbSI6Imh0dHA6XC9cL21zYWJhZWlhbi5pclwvVGFtZXNoa1wvdXBsb2Fkc1wvaW1hZ2UtMjAxNy0wNy0wMS0xNy0wOTM2LS1oZTQwMTQuanBnIn0seyJpIjoiMzYiLCJwIjoiNTAwMCIsIm5wIjoiNDAwMCIsIm4iOiLYs9uM2Kgg2K/Ysdiu2KrbjCIsImltIjoiaHR0cDpcL1wvbXNhYmFlaWFuLmlyXC9UYW1lc2hrXC91cGxvYWRzXC9pbWFnZS0yMDE3LTA3LTAxLTE3LTExMzgtLTk2NV9vcmlnLmpwZyJ9LHsiaSI6IjM3IiwicCI6IjI1MDAiLCJucCI6IjE1MDAiLCJuIjoi2q/YtNmG24zYsiIsImltIjoiaHR0cDpcL1wvbXNhYmFlaWFuLmlyXC9UYW1lc2hrXC91cGxvYWRzXC9pbWFnZS0yMDE3LTA3LTAxLTE3LTEyMTQtLdiu2YjYp9i1Ldqv2LTZhtuM2LIuanBnIn0seyJpIjoiMzIiLCJwIjoiMTYwMDAiLCJucCI6IjEyMDAwIiwibiI6Itm+24zYqtiy2Kcg2b7Zvtix2YjZhtuMIiwiaW0iOiJodHRwOlwvXC9tc2FiYWVpYW4uaXJcL1RhbWVzaGtcL3VwbG9hZHNcL2ltYWdlLTIwMTctMDYtMjktMTMtNTEyMi0tMTUxXzFzdHVmZmVkX2NydXN0X3BpenphLWUxNDQwODY0NDQyNjUyLmpwZyJ9XX1d', '', '2017-07-02 16:07:57', 0),
(62, 1, 'homeData', 'W3sidG9wX3NwbGFzaCI6W3siYiI6Imh0dHA6XC9cL2Nkbi5saXZlbmV0d29yay5pdFwvbmV3c1wvNDQ2MzI3XC9nYWxsZXJ5XC8xODQ4NTIzX2U2ZTVkMl83Njd4MzcyLmpwZyIsInQiOiJsaW5rIiwiaSI6InZhcnplc2gzLmNvbSJ9LHsiYiI6Imh0dHA6XC9cL3M4LnBpY29maWxlLmNvbVwvZmlsZVwvODI5OTE1MDcxOFwvMl81ZGYyLnBuZyIsInQiOiJzaG9wIiwiaSI6IjEifSx7ImIiOiJodHRwOlwvXC9zOS5waWNvZmlsZS5jb21cL2ZpbGVcLzgyOTkxNTI1OTJcL2Nha2VfYmFuZXIxLmpwZyIsInQiOiJzZWN0aW9uIiwiaSI6IjMifSx7ImIiOiJodHRwOlwvXC9zOS5waWNvZmlsZS5jb21cL2ZpbGVcLzgyOTkxNTMwMjZcLzExLmpwZyIsInQiOiJzZWN0aW9uIiwiaSI6IjIifSx7ImIiOiJodHRwOlwvXC9zOS5waWNvZmlsZS5jb21cL2ZpbGVcLzgyOTkxNTM2MThcL2ZyaXV0MS5qcGciLCJ0Ijoic2VjdGlvbiIsImkiOiI0In1dfSx7ImJvdHRvbV9zcGxhc2giOlt7ImIiOiJodHRwOlwvXC9vZnJmLm9yZ1wvc2l0ZXNcL29mcmYub3JnXC9maWxlc1wvZm9vZC1zYWZldHktYmFubmVyLmpwZyAiLCJ0Ijoic2VjdGlvbiIsImkiOiI0In0seyJiIjoiaHR0cDpcL1wvczgucGljb2ZpbGUuY29tXC9maWxlXC84Mjk5MzIxMzg0XC8lRDglQTclRDglQjMlRDklODQlRDglQTclREIlOEMlRDglQUYyX2NvcHkuanBnIiwidCI6InNlY3Rpb24iLCJpIjoiNCJ9XX0seyJlc3BlY2lhbCI6W3siZW5hbWUiOiLZvtuM2LTZhtmH2KfYryDYqtmF2LTaqSJ9LHsiaSI6IjE1IiwicCI6IjEzMDAwIiwibnAiOiIyMDAwIiwibiI6Iti024zYsduM2YbbjCDYr9in2YbZhdin2LHaqduMIiwiaW0iOiJodHRwOlwvXC9tc2FiYWVpYW4uaXJcL1RhbWVzaGtcL3VwbG9hZHNcL2ltYWdlLTIwMTctMDYtMTYtMDUtMzQ0Ni0tMTIxLmpwZyJ9LHsiaSI6IjIwIiwicCI6IjkwMDAiLCJucCI6IjkwMDAiLCJuIjoi2qnZiNqp2KrZhCIsImltIjoiaHR0cDpcL1wvbXNhYmFlaWFuLmlyXC9UYW1lc2hrXC91cGxvYWRzXC9pbWFnZS0yMDE3LTA2LTE2LTA1LTM5MzUtLVVudGl0bGVkLTEoNDIpLmpwZyJ9LHsiaSI6IjIxIiwicCI6IjYwMDAiLCJucCI6IjYwMDAiLCJuIjoi2KrbjNix2KfZhduM2LPZiCIsImltIjoiaHR0cDpcL1wvbXNhYmFlaWFuLmlyXC9UYW1lc2hrXC91cGxvYWRzXC9pbWFnZS0yMDE3LTA2LTE2LTA1LTQwMzUtLTE5MTE0LmpwZyJ9LHsiaSI6IjMzIiwicCI6IjkwMDAiLCJucCI6IjgwMDAiLCJuIjoi2LPYp9mG4oCM2LTYp9uM2YYiLCJpbSI6Imh0dHA6XC9cL21zYWJhZWlhbi5pclwvVGFtZXNoa1wvdXBsb2Fkc1wvaW1hZ2UtMjAxNy0wNi0zMC0yMi01NjQzLS1mbzI3MTUuanBnIn0seyJpIjoiMzgiLCJwIjoiMzAwMCIsIm5wIjoiMjAwMCIsIm4iOiLYqNiz2KrZhtuMINmC24zZgduMIiwiaW0iOiJodHRwOlwvXC9tc2FiYWVpYW4uaXJcL1RhbWVzaGtcL3VwbG9hZHNcL2ltYWdlLTIwMTctMDctMDItMTYtMDQ1Ni0tUVdCRktJTkJOU1pQR1FEQlFDRFdUTk9OS0hMVVJJLmpwZyJ9XX0seyJvbi1zYWxlIjpbeyJpIjoiMyIsInAiOiIyMDAwIiwibnAiOiI1MDAiLCJuIjoi2YHZhNin2YHZhCIsImltIjoiaHR0cDpcL1wvbXNhYmFlaWFuLmlyXC9UYW1lc2hrXC91cGxvYWRzXC9pbWFnZS0yMDE3LTA2LTE1LTE1LTEwMTgtLURTQ18wMzcxLmpwZyJ9LHsiaSI6IjciLCJwIjoiMTAwMDAiLCJucCI6Ijg1MDAiLCJuIjoi2LPbjNio4oCM2LLZhduM2YbbjCDYs9ix2K7igIzYtNiv2YciLCJpbSI6Imh0dHA6XC9cL21zYWJhZWlhbi5pclwvVGFtZXNoa1wvdXBsb2Fkc1wvaW1hZ2UtMjAxNy0wNi0xNS0xNS0xNTE5LS0xMTI1MC5qcGcifSx7ImkiOiIxNCIsInAiOiI3MDAwIiwibnAiOiIxMDAwIiwibiI6Itiu2YjYsdin2qkg2YXYsdi6IiwiaW0iOiJodHRwOlwvXC9tc2FiYWVpYW4uaXJcL1RhbWVzaGtcL3VwbG9hZHNcL2ltYWdlLTIwMTctMDYtMTYtMDUtMDcxMC0tMTQ2NTIxODIxNjczMDc4LWlyYW5uYXotY29tLmpwZyJ9LHsiaSI6IjIzIiwicCI6IjQwMDAiLCJucCI6IjM1MDAiLCJuIjoi2K7YtNqpINmF2KzZhNiz24wiLCJpbSI6Imh0dHA6XC9cL21zYWJhZWlhbi5pclwvVGFtZXNoa1wvdXBsb2Fkc1wvaW1hZ2UtMjAxNy0wNi0xOC0wNS01NzI0LS1LSDA3LmpwZyJ9LHsiaSI6IjM1IiwicCI6IjMwMDAiLCJucCI6IjIwMDAiLCJuIjoi2K7bjNin2LEiLCJpbSI6Imh0dHA6XC9cL21zYWJhZWlhbi5pclwvVGFtZXNoa1wvdXBsb2Fkc1wvaW1hZ2UtMjAxNy0wNy0wMS0xNy0wOTM2LS1oZTQwMTQuanBnIn0seyJpIjoiMzYiLCJwIjoiNTAwMCIsIm5wIjoiNDAwMCIsIm4iOiLYs9uM2Kgg2K/Ysdiu2KrbjCIsImltIjoiaHR0cDpcL1wvbXNhYmFlaWFuLmlyXC9UYW1lc2hrXC91cGxvYWRzXC9pbWFnZS0yMDE3LTA3LTAxLTE3LTExMzgtLTk2NV9vcmlnLmpwZyJ9LHsiaSI6IjM3IiwicCI6IjI1MDAiLCJucCI6IjE1MDAiLCJuIjoi2q/YtNmG24zYsiIsImltIjoiaHR0cDpcL1wvbXNhYmFlaWFuLmlyXC9UYW1lc2hrXC91cGxvYWRzXC9pbWFnZS0yMDE3LTA3LTAxLTE3LTEyMTQtLdiu2YjYp9i1Ldqv2LTZhtuM2LIuanBnIn0seyJpIjoiMzIiLCJwIjoiMTYwMDAiLCJucCI6IjEyMDAwIiwibiI6Itm+24zYqtiy2Kcg2b7Zvtix2YjZhtuMIiwiaW0iOiJodHRwOlwvXC9tc2FiYWVpYW4uaXJcL1RhbWVzaGtcL3VwbG9hZHNcL2ltYWdlLTIwMTctMDYtMjktMTMtNTEyMi0tMTUxXzFzdHVmZmVkX2NydXN0X3BpenphLWUxNDQwODY0NDQyNjUyLmpwZyJ9XX1d', '', '2017-07-02 16:08:50', 0),
(63, 1, 'homeData', 'W3sidG9wX3NwbGFzaCI6W3siYiI6Imh0dHA6XC9cL2Nkbi5saXZlbmV0d29yay5pdFwvbmV3c1wvNDQ2MzI3XC9nYWxsZXJ5XC8xODQ4NTIzX2U2ZTVkMl83Njd4MzcyLmpwZyIsInQiOiJsaW5rIiwiaSI6InZhcnplc2gzLmNvbSJ9LHsiYiI6Imh0dHA6XC9cL3M4LnBpY29maWxlLmNvbVwvZmlsZVwvODI5OTE1MDcxOFwvMl81ZGYyLnBuZyIsInQiOiJzaG9wIiwiaSI6IjEifSx7ImIiOiJodHRwOlwvXC9zOS5waWNvZmlsZS5jb21cL2ZpbGVcLzgyOTkxNTI1OTJcL2Nha2VfYmFuZXIxLmpwZyIsInQiOiJzZWN0aW9uIiwiaSI6IjMifSx7ImIiOiJodHRwOlwvXC9zOS5waWNvZmlsZS5jb21cL2ZpbGVcLzgyOTkxNTMwMjZcLzExLmpwZyIsInQiOiJzZWN0aW9uIiwiaSI6IjIifSx7ImIiOiJodHRwOlwvXC9zOS5waWNvZmlsZS5jb21cL2ZpbGVcLzgyOTkxNTM2MThcL2ZyaXV0MS5qcGciLCJ0Ijoic2VjdGlvbiIsImkiOiI0In1dfSx7ImJvdHRvbV9zcGxhc2giOlt7ImIiOiJodHRwOlwvXC9vZnJmLm9yZ1wvc2l0ZXNcL29mcmYub3JnXC9maWxlc1wvZm9vZC1zYWZldHktYmFubmVyLmpwZyAiLCJ0Ijoic2VjdGlvbiIsImkiOiI0In0seyJiIjoiaHR0cDpcL1wvczgucGljb2ZpbGUuY29tXC9maWxlXC84Mjk5MzIxMzg0XC8lRDglQTclRDglQjMlRDklODQlRDglQTclREIlOEMlRDglQUYyX2NvcHkuanBnIiwidCI6InNlY3Rpb24iLCJpIjoiNCJ9XX0seyJlc3BlY2lhbCI6W3siZW5hbWUiOiLZvtuM2LTZhtmH2KfYryDYqtmF2LTaqSJ9LHsiaSI6IjE1IiwicCI6IjEzMDAwIiwibnAiOiI5MDAwIiwibiI6Iti024zYsduM2YbbjCDYr9in2YbZhdin2LHaqduMIiwiaW0iOiJodHRwOlwvXC9tc2FiYWVpYW4uaXJcL1RhbWVzaGtcL3VwbG9hZHNcL2ltYWdlLTIwMTctMDYtMTYtMDUtMzQ0Ni0tMTIxLmpwZyJ9LHsiaSI6IjIwIiwicCI6IjkwMDAiLCJucCI6IjkwMDAiLCJuIjoi2qnZiNqp2KrZhCIsImltIjoiaHR0cDpcL1wvbXNhYmFlaWFuLmlyXC9UYW1lc2hrXC91cGxvYWRzXC9pbWFnZS0yMDE3LTA2LTE2LTA1LTM5MzUtLVVudGl0bGVkLTEoNDIpLmpwZyJ9LHsiaSI6IjIxIiwicCI6IjYwMDAiLCJucCI6IjYwMDAiLCJuIjoi2KrbjNix2KfZhduM2LPZiCIsImltIjoiaHR0cDpcL1wvbXNhYmFlaWFuLmlyXC9UYW1lc2hrXC91cGxvYWRzXC9pbWFnZS0yMDE3LTA2LTE2LTA1LTQwMzUtLTE5MTE0LmpwZyJ9LHsiaSI6IjMzIiwicCI6IjkwMDAiLCJucCI6IjgwMDAiLCJuIjoi2LPYp9mG4oCM2LTYp9uM2YYiLCJpbSI6Imh0dHA6XC9cL21zYWJhZWlhbi5pclwvVGFtZXNoa1wvdXBsb2Fkc1wvaW1hZ2UtMjAxNy0wNi0zMC0yMi01NjQzLS1mbzI3MTUuanBnIn0seyJpIjoiMzgiLCJwIjoiMzAwMCIsIm5wIjoiMjAwMCIsIm4iOiLYqNiz2KrZhtuMINmC24zZgduMIiwiaW0iOiJodHRwOlwvXC9tc2FiYWVpYW4uaXJcL1RhbWVzaGtcL3VwbG9hZHNcL2ltYWdlLTIwMTctMDctMDItMTYtMDQ1Ni0tUVdCRktJTkJOU1pQR1FEQlFDRFdUTk9OS0hMVVJJLmpwZyJ9XX0seyJvbi1zYWxlIjpbeyJpIjoiMyIsInAiOiIyMDAwIiwibnAiOiI1MDAiLCJuIjoi2YHZhNin2YHZhCIsImltIjoiaHR0cDpcL1wvbXNhYmFlaWFuLmlyXC9UYW1lc2hrXC91cGxvYWRzXC9pbWFnZS0yMDE3LTA2LTE1LTE1LTEwMTgtLURTQ18wMzcxLmpwZyJ9LHsiaSI6IjciLCJwIjoiMTAwMDAiLCJucCI6Ijg1MDAiLCJuIjoi2LPbjNio4oCM2LLZhduM2YbbjCDYs9ix2K7igIzYtNiv2YciLCJpbSI6Imh0dHA6XC9cL21zYWJhZWlhbi5pclwvVGFtZXNoa1wvdXBsb2Fkc1wvaW1hZ2UtMjAxNy0wNi0xNS0xNS0xNTE5LS0xMTI1MC5qcGcifSx7ImkiOiIxNCIsInAiOiI3MDAwIiwibnAiOiIxMDAwIiwibiI6Itiu2YjYsdin2qkg2YXYsdi6IiwiaW0iOiJodHRwOlwvXC9tc2FiYWVpYW4uaXJcL1RhbWVzaGtcL3VwbG9hZHNcL2ltYWdlLTIwMTctMDYtMTYtMDUtMDcxMC0tMTQ2NTIxODIxNjczMDc4LWlyYW5uYXotY29tLmpwZyJ9LHsiaSI6IjIzIiwicCI6IjQwMDAiLCJucCI6IjM1MDAiLCJuIjoi2K7YtNqpINmF2KzZhNiz24wiLCJpbSI6Imh0dHA6XC9cL21zYWJhZWlhbi5pclwvVGFtZXNoa1wvdXBsb2Fkc1wvaW1hZ2UtMjAxNy0wNi0xOC0wNS01NzI0LS1LSDA3LmpwZyJ9LHsiaSI6IjM1IiwicCI6IjMwMDAiLCJucCI6IjIwMDAiLCJuIjoi2K7bjNin2LEiLCJpbSI6Imh0dHA6XC9cL21zYWJhZWlhbi5pclwvVGFtZXNoa1wvdXBsb2Fkc1wvaW1hZ2UtMjAxNy0wNy0wMS0xNy0wOTM2LS1oZTQwMTQuanBnIn0seyJpIjoiMzYiLCJwIjoiNTAwMCIsIm5wIjoiNDAwMCIsIm4iOiLYs9uM2Kgg2K/Ysdiu2KrbjCIsImltIjoiaHR0cDpcL1wvbXNhYmFlaWFuLmlyXC9UYW1lc2hrXC91cGxvYWRzXC9pbWFnZS0yMDE3LTA3LTAxLTE3LTExMzgtLTk2NV9vcmlnLmpwZyJ9LHsiaSI6IjM3IiwicCI6IjI1MDAiLCJucCI6IjE1MDAiLCJuIjoi2q/YtNmG24zYsiIsImltIjoiaHR0cDpcL1wvbXNhYmFlaWFuLmlyXC9UYW1lc2hrXC91cGxvYWRzXC9pbWFnZS0yMDE3LTA3LTAxLTE3LTEyMTQtLdiu2YjYp9i1Ldqv2LTZhtuM2LIuanBnIn0seyJpIjoiMzIiLCJwIjoiMTYwMDAiLCJucCI6IjEyMDAwIiwibiI6Itm+24zYqtiy2Kcg2b7Zvtix2YjZhtuMIiwiaW0iOiJodHRwOlwvXC9tc2FiYWVpYW4uaXJcL1RhbWVzaGtcL3VwbG9hZHNcL2ltYWdlLTIwMTctMDYtMjktMTMtNTEyMi0tMTUxXzFzdHVmZmVkX2NydXN0X3BpenphLWUxNDQwODY0NDQyNjUyLmpwZyJ9XX1d', '', '2017-07-02 16:12:01', 0),
(64, 1, 'homeData', 'W3sidG9wX3NwbGFzaCI6W3siYiI6Imh0dHA6XC9cL2Nkbi5saXZlbmV0d29yay5pdFwvbmV3c1wvNDQ2MzI3XC9nYWxsZXJ5XC8xODQ4NTIzX2U2ZTVkMl83Njd4MzcyLmpwZyIsInQiOiJsaW5rIiwiaSI6InZhcnplc2gzLmNvbSJ9LHsiYiI6Imh0dHA6XC9cL3M4LnBpY29maWxlLmNvbVwvZmlsZVwvODI5OTE1MDcxOFwvMl81ZGYyLnBuZyIsInQiOiJzaG9wIiwiaSI6IjEifSx7ImIiOiJodHRwOlwvXC9zOS5waWNvZmlsZS5jb21cL2ZpbGVcLzgyOTkxNTI1OTJcL2Nha2VfYmFuZXIxLmpwZyIsInQiOiJzZWN0aW9uIiwiaSI6IjMifSx7ImIiOiJodHRwOlwvXC9zOS5waWNvZmlsZS5jb21cL2ZpbGVcLzgyOTkxNTMwMjZcLzExLmpwZyIsInQiOiJzZWN0aW9uIiwiaSI6IjIifSx7ImIiOiJodHRwOlwvXC9zOS5waWNvZmlsZS5jb21cL2ZpbGVcLzgyOTkxNTM2MThcL2ZyaXV0MS5qcGciLCJ0Ijoic2VjdGlvbiIsImkiOiI0In1dfSx7ImJvdHRvbV9zcGxhc2giOlt7ImIiOiJodHRwOlwvXC9vZnJmLm9yZ1wvc2l0ZXNcL29mcmYub3JnXC9maWxlc1wvZm9vZC1zYWZldHktYmFubmVyLmpwZyAiLCJ0Ijoic2VjdGlvbiIsImkiOiI0In0seyJiIjoiaHR0cDpcL1wvczgucGljb2ZpbGUuY29tXC9maWxlXC84Mjk5MzIxMzg0XC8lRDglQTclRDglQjMlRDklODQlRDglQTclREIlOEMlRDglQUYyX2NvcHkuanBnIiwidCI6InNlY3Rpb24iLCJpIjoiNCJ9XX0seyJlc3BlY2lhbCI6W3siZW5hbWUiOiLZvtuM2LTZhtmH2KfYryDYqtmF2LTaqSJ9LHsiaSI6IjE1IiwicCI6IjEzMDAwIiwibnAiOiI5MDAwIiwibiI6Iti024zYsduM2YbbjCDYr9in2YbZhdin2LHaqduMIiwiaW0iOiJodHRwOlwvXC9tc2FiYWVpYW4uaXJcL1RhbWVzaGtcL3VwbG9hZHNcL2ltYWdlLTIwMTctMDYtMTYtMDUtMzQ0Ni0tMTIxLmpwZyJ9LHsiaSI6IjIwIiwicCI6IjkwMDAiLCJucCI6IjkwMDAiLCJuIjoi2qnZiNqp2KrZhCIsImltIjoiaHR0cDpcL1wvbXNhYmFlaWFuLmlyXC9UYW1lc2hrXC91cGxvYWRzXC9pbWFnZS0yMDE3LTA2LTE2LTA1LTM5MzUtLVVudGl0bGVkLTEoNDIpLmpwZyJ9LHsiaSI6IjIxIiwicCI6IjYwMDAiLCJucCI6IjYwMDAiLCJuIjoi2KrbjNix2KfZhduM2LPZiCIsImltIjoiaHR0cDpcL1wvbXNhYmFlaWFuLmlyXC9UYW1lc2hrXC91cGxvYWRzXC9pbWFnZS0yMDE3LTA2LTE2LTA1LTQwMzUtLTE5MTE0LmpwZyJ9LHsiaSI6IjMzIiwicCI6IjkwMDAiLCJucCI6IjgwMDAiLCJuIjoi2LPYp9mG4oCM2LTYp9uM2YYiLCJpbSI6Imh0dHA6XC9cL21zYWJhZWlhbi5pclwvVGFtZXNoa1wvdXBsb2Fkc1wvaW1hZ2UtMjAxNy0wNi0zMC0yMi01NjQzLS1mbzI3MTUuanBnIn0seyJpIjoiMzgiLCJwIjoiMzAwMCIsIm5wIjoiMjAwMCIsIm4iOiLYqNiz2KrZhtuMINmC24zZgduMIiwiaW0iOiJodHRwOlwvXC9tc2FiYWVpYW4uaXJcL1RhbWVzaGtcL3VwbG9hZHNcL2ltYWdlLTIwMTctMDctMDItMTYtMDQ1Ni0tUVdCRktJTkJOU1pQR1FEQlFDRFdUTk9OS0hMVVJJLmpwZyJ9XX0seyJvbi1zYWxlIjpbeyJpIjoiMyIsInAiOiIyMDAwIiwibnAiOiI1MDAiLCJuIjoi2YHZhNin2YHZhCIsImltIjoiaHR0cDpcL1wvbXNhYmFlaWFuLmlyXC9UYW1lc2hrXC91cGxvYWRzXC9pbWFnZS0yMDE3LTA2LTE1LTE1LTEwMTgtLURTQ18wMzcxLmpwZyJ9LHsiaSI6IjciLCJwIjoiMTAwMDAiLCJucCI6Ijg1MDAiLCJuIjoi2LPbjNio4oCM2LLZhduM2YbbjCDYs9ix2K7igIzYtNiv2YciLCJpbSI6Imh0dHA6XC9cL21zYWJhZWlhbi5pclwvVGFtZXNoa1wvdXBsb2Fkc1wvaW1hZ2UtMjAxNy0wNi0xNS0xNS0xNTE5LS0xMTI1MC5qcGcifSx7ImkiOiIxNCIsInAiOiI3MDAwIiwibnAiOiIxMDAwIiwibiI6Itiu2YjYsdin2qkg2YXYsdi6IiwiaW0iOiJodHRwOlwvXC9tc2FiYWVpYW4uaXJcL1RhbWVzaGtcL3VwbG9hZHNcL2ltYWdlLTIwMTctMDYtMTYtMDUtMDcxMC0tMTQ2NTIxODIxNjczMDc4LWlyYW5uYXotY29tLmpwZyJ9LHsiaSI6IjIzIiwicCI6IjQwMDAiLCJucCI6IjM1MDAiLCJuIjoi2K7YtNqpINmF2KzZhNiz24wiLCJpbSI6Imh0dHA6XC9cL21zYWJhZWlhbi5pclwvVGFtZXNoa1wvdXBsb2Fkc1wvaW1hZ2UtMjAxNy0wNi0xOC0wNS01NzI0LS1LSDA3LmpwZyJ9LHsiaSI6IjM1IiwicCI6IjMwMDAiLCJucCI6IjIwMDAiLCJuIjoi2K7bjNin2LEiLCJpbSI6Imh0dHA6XC9cL21zYWJhZWlhbi5pclwvVGFtZXNoa1wvdXBsb2Fkc1wvaW1hZ2UtMjAxNy0wNy0wMS0xNy0wOTM2LS1oZTQwMTQuanBnIn0seyJpIjoiMzYiLCJwIjoiNTAwMCIsIm5wIjoiNDAwMCIsIm4iOiLYs9uM2Kgg2K/Ysdiu2KrbjCIsImltIjoiaHR0cDpcL1wvbXNhYmFlaWFuLmlyXC9UYW1lc2hrXC91cGxvYWRzXC9pbWFnZS0yMDE3LTA3LTAxLTE3LTExMzgtLTk2NV9vcmlnLmpwZyJ9LHsiaSI6IjM3IiwicCI6IjI1MDAiLCJucCI6IjE1MDAiLCJuIjoi2q/YtNmG24zYsiIsImltIjoiaHR0cDpcL1wvbXNhYmFlaWFuLmlyXC9UYW1lc2hrXC91cGxvYWRzXC9pbWFnZS0yMDE3LTA3LTAxLTE3LTEyMTQtLdiu2YjYp9i1Ldqv2LTZhtuM2LIuanBnIn0seyJpIjoiMzIiLCJwIjoiMTYwMDAiLCJucCI6IjEyMDAwIiwibiI6Itm+24zYqtiy2Kcg2b7Zvtix2YjZhtuMIiwiaW0iOiJodHRwOlwvXC9tc2FiYWVpYW4uaXJcL1RhbWVzaGtcL3VwbG9hZHNcL2ltYWdlLTIwMTctMDYtMjktMTMtNTEyMi0tMTUxXzFzdHVmZmVkX2NydXN0X3BpenphLWUxNDQwODY0NDQyNjUyLmpwZyJ9XX1d', '', '2017-07-02 16:16:37', 1);

-- --------------------------------------------------------

--
-- Table structure for table `comments`
--

CREATE TABLE `comments` (
  `comment_id` bigint(20) UNSIGNED NOT NULL,
  `comment_author_id` bigint(20) NOT NULL,
  `comment_text` text COLLATE utf8_persian_ci NOT NULL,
  `comment_shop_id` bigint(20) NOT NULL,
  `comment_product_id` bigint(20) NOT NULL,
  `comment_star` int(11) NOT NULL DEFAULT '1',
  `comment_date` datetime NOT NULL,
  `comment_jdate` varchar(10) COLLATE utf8_persian_ci NOT NULL,
  `comment_approve` tinyint(1) NOT NULL DEFAULT '0',
  `comment_approve_by` bigint(20) NOT NULL,
  `comment_approve_date` datetime NOT NULL,
  `comment_parent` bigint(20) NOT NULL,
  `comment_author_ip` varchar(15) COLLATE utf8_persian_ci NOT NULL
) ENGINE=InnoDB DEFAULT CHARSET=utf8 COLLATE=utf8_persian_ci;

--
-- Dumping data for table `comments`
--

INSERT INTO `comments` (`comment_id`, `comment_author_id`, `comment_text`, `comment_shop_id`, `comment_product_id`, `comment_star`, `comment_date`, `comment_jdate`, `comment_approve`, `comment_approve_by`, `comment_approve_date`, `comment_parent`, `comment_author_ip`) VALUES
(1, 1, 'خیلی عالی بود', 0, 15, 5, '2017-06-19 00:00:00', '۱۳۹۶-۰۳-۳۰', 1, 1, '2017-06-19 01:00:00', 0, '0'),
(2, 2, 'این چی بود بوی نامطبوعی داشت', 0, 15, 1, '2017-06-19 00:00:00', '۱۳۹۶-۰۳-۲۹', 1, 1, '2017-06-19 01:00:00', 0, '0'),
(3, 4, 'چرا انقدر بد بو بود!', 0, 15, 2, '2017-06-19 00:00:00', '۱۳۹۶-۰۲-۳۰', 1, 1, '2017-06-19 01:00:00', 0, '0'),
(4, 3, 'احسنت یا حبیبی', 0, 15, 4, '2017-06-19 00:00:00', '۱۳۹۶-۰۲-۲۵', 1, 1, '2017-06-19 01:00:00', 0, '0'),
(5, 1, 'این سری خوب بود دمتون گرم', 0, 15, 5, '2017-06-19 00:00:00', '۱۳۹۶-۰۳-۳۰', 1, 1, '2017-06-19 01:00:00', 0, '0'),
(6, 2, 'انگار اشپزتون عوض شده ها', 0, 15, 2, '2017-06-19 00:00:00', '۱۳۹۶-۰۳-۲۹', 1, 1, '2017-06-19 01:00:00', 0, '0'),
(7, 4, 'بازم بد بود!', 0, 15, 0, '2017-06-19 00:00:00', '۱۳۹۶-۰۲-۳۰', 1, 1, '2017-06-19 01:00:00', 0, '0'),
(8, 3, 'غذای بسیار خوبی بود', 0, 15, 5, '2017-06-19 00:00:00', '۱۳۹۶-۰۲-۲۵', 1, 1, '2017-06-19 01:00:00', 0, '0'),
(9, 2, 'بنظر منم طعم غذاتون عوض شده و بهتر', 0, 15, 4, '2017-06-19 00:00:00', '۱۳۹۶-۰۳-۲۹', 1, 1, '2017-06-19 01:00:00', 0, '0'),
(10, 4, 'ن اینسری خوب بود دیگه', 0, 15, 3, '2017-06-19 00:00:00', '۱۳۹۶-۰۲-۳۰', 1, 1, '2017-06-19 01:00:00', 0, '0'),
(11, 3, 'ارزان و بصرفه ', 0, 15, 4, '2017-06-19 00:00:00', '۱۳۹۶-۰۲-۲۵', 1, 1, '2017-06-19 01:00:00', 0, '0'),
(12, 15, 'افتضاحن غذاهاتون :(', 0, 7, 0, '2017-07-01 17:50:41', '۱۳۹۶-۰۴-۱۰', 0, 2, '2017-07-01 17:51:42', 0, '2.185.8.244'),
(13, 15, 'میوه‌هاش خوبه', 4, 0, 4, '2017-07-03 23:20:36', '۱۳۹۶-۰۴-۱۲', 1, 2, '2017-07-03 23:21:11', 0, '5.78.4.235');

-- --------------------------------------------------------

--
-- Table structure for table `discounts`
--

CREATE TABLE `discounts` (
  `discount_id` bigint(20) UNSIGNED NOT NULL,
  `discount_percent` float NOT NULL,
  `discount_city` bigint(20) NOT NULL,
  `discount_shop` bigint(20) NOT NULL,
  `discount_min` int(11) NOT NULL,
  `discount_uid` bigint(20) NOT NULL,
  `discount_date` date NOT NULL,
  `discount_delete_date` date NOT NULL,
  `discount_active` tinyint(1) NOT NULL DEFAULT '1',
  `discount_description` text COLLATE utf8_persian_ci NOT NULL,
  `discount_code` varchar(50) COLLATE utf8_persian_ci NOT NULL,
  `discount_total_use` int(11) NOT NULL,
  `discount_by` bigint(20) NOT NULL
) ENGINE=InnoDB DEFAULT CHARSET=utf8 COLLATE=utf8_persian_ci;

--
-- Dumping data for table `discounts`
--

INSERT INTO `discounts` (`discount_id`, `discount_percent`, `discount_city`, `discount_shop`, `discount_min`, `discount_uid`, `discount_date`, `discount_delete_date`, `discount_active`, `discount_description`, `discount_code`, `discount_total_use`, `discount_by`) VALUES
(1, 5000, 1, 0, 10000, 0, '2017-06-28', '2017-06-30', 1, 'توضیح', 'ufelen4', 1, 2);

-- --------------------------------------------------------

--
-- Table structure for table `discounts_use`
--

CREATE TABLE `discounts_use` (
  `discount_use_id` bigint(20) UNSIGNED NOT NULL,
  `discount_use_did` bigint(20) NOT NULL,
  `discount_use_uid` bigint(20) NOT NULL,
  `discount_use_order_id` bigint(20) NOT NULL,
  `discount_use_date` datetime NOT NULL,
  `discount_use_jdate` varchar(30) COLLATE utf8_persian_ci NOT NULL,
  `benefit` int(11) NOT NULL,
  `discount_use_service_id` bigint(20) NOT NULL
) ENGINE=InnoDB DEFAULT CHARSET=utf8 COLLATE=utf8_persian_ci;

-- --------------------------------------------------------

--
-- Table structure for table `gallery`
--

CREATE TABLE `gallery` (
  `image_id` bigint(20) NOT NULL,
  `image_user_id` bigint(20) NOT NULL,
  `image_cid` bigint(20) NOT NULL,
  `image_url` varchar(250) COLLATE utf8_persian_ci NOT NULL,
  `image_caption` varchar(100) COLLATE utf8_persian_ci NOT NULL,
  `image_likes` int(11) NOT NULL DEFAULT '0',
  `image_date` timestamp NOT NULL DEFAULT CURRENT_TIMESTAMP ON UPDATE CURRENT_TIMESTAMP,
  `image_jdate` varchar(20) COLLATE utf8_persian_ci NOT NULL,
  `image_active_by` bigint(20) NOT NULL DEFAULT '0',
  `image_status` int(11) NOT NULL DEFAULT '0'
) ENGINE=MyISAM DEFAULT CHARSET=utf8 COLLATE=utf8_persian_ci;

--
-- Dumping data for table `gallery`
--

INSERT INTO `gallery` (`image_id`, `image_user_id`, `image_cid`, `image_url`, `image_caption`, `image_likes`, `image_date`, `image_jdate`, `image_active_by`, `image_status`) VALUES
(1, 1, 1, 'http://www.pix2fun.net/wp-content/uploads/64408_476158915766121_535882435_n.jpg', 'مرسی از قصر شهر برای این غذای فوق العاده', 10, '2017-07-20 04:45:59', '', 1, 1),
(2, 2, 1, 'http://www.taknaz.net/upload/90/0.998134001401504753_taknaz.jpg', 'هه کبابههههه', 31, '2017-07-20 04:45:59', '', 1, 1),
(3, 3, 1, 'http://www.fundoon.ir/wp-content/uploads/2013/10/qaza-khoraki-1.jpg', 'مگه داریم از این غذا بهتر؟ :)', -1, '2017-07-20 04:45:59', '', 1, 1),
(4, 4, 1, 'http://photos01.wisgoon.com/media/pin/images/o/2014/12/14/12/1418548008018902.jpg', 'فک نمیکردم روزی داخل دزفول همچین غذایی بخورما', 31, '2017-07-20 04:45:59', '', 1, 1),
(5, 9, 1, 'http://www.funpatogh.com/uploads/admin/6497874b02a838295ce45e030bce4bd8ghaza-4.jpgg', 'گرمه سبزییییی', 0, '2017-07-20 04:45:59', '', 1, 1),
(6, 10, 1, 'http://avazak.ir/gallery/albums/userpics/10001/normal_Avazak_ir-Food%20%2818%29.jpg', 'نفسسسس کشششششش', 1, '2017-07-20 04:45:59', '', 1, 1);

-- --------------------------------------------------------

--
-- Table structure for table `likes`
--

CREATE TABLE `likes` (
  `like_id` bigint(20) UNSIGNED NOT NULL,
  `like_user_id` bigint(20) NOT NULL,
  `like_product_id` bigint(20) NOT NULL DEFAULT '0',
  `like_shop_id` bigint(20) NOT NULL DEFAULT '0',
  `like_gallery_id` bigint(20) NOT NULL DEFAULT '0',
  `like_date` datetime NOT NULL
) ENGINE=InnoDB DEFAULT CHARSET=utf8 COLLATE=utf8_persian_ci;

--
-- Dumping data for table `likes`
--

INSERT INTO `likes` (`like_id`, `like_user_id`, `like_product_id`, `like_shop_id`, `like_gallery_id`, `like_date`) VALUES
(1, 1, 15, 0, 0, '2017-06-21 11:49:34'),
(2, 1, 20, 0, 0, '2017-06-21 12:09:21'),
(3, 1, 21, 0, 0, '2017-06-21 12:10:56'),
(4, 1, 22, 0, 0, '2017-06-21 12:18:42'),
(5, 1, 7, 0, 0, '2017-06-21 12:20:00'),
(14, 1, 0, 0, 5, '2017-06-22 13:16:31'),
(17, 1, 0, 0, 6, '2017-06-22 17:52:50'),
(33, 1, 0, 0, 4, '2017-06-29 16:05:43'),
(35, 1, 0, 0, 2, '2017-06-29 16:05:49'),
(36, 15, 0, 0, 2, '2017-07-02 16:20:32'),
(37, 15, 0, 0, 4, '2017-07-02 16:20:35'),
(39, 15, 0, 0, 6, '2017-07-04 17:36:24');

-- --------------------------------------------------------

--
-- Table structure for table `orders`
--

CREATE TABLE `orders` (
  `order_id` bigint(20) NOT NULL,
  `order_code` varchar(40) COLLATE utf8_persian_ci NOT NULL,
  `order_user_id` bigint(20) NOT NULL,
  `order_shop_id` bigint(20) NOT NULL,
  `order_price` int(11) NOT NULL,
  `order_final_price` int(11) NOT NULL DEFAULT '0',
  `order_discount_id` bigint(20) NOT NULL,
  `order_address` text COLLATE utf8_persian_ci NOT NULL,
  `order_description` text COLLATE utf8_persian_ci NOT NULL,
  `order_gps` varchar(50) COLLATE utf8_persian_ci NOT NULL,
  `order_delivery` int(11) NOT NULL,
  `order_total` int(11) NOT NULL,
  `order_date` datetime NOT NULL,
  `order_jdate` varchar(30) COLLATE utf8_persian_ci NOT NULL,
  `order_status` int(11) NOT NULL
) ENGINE=InnoDB DEFAULT CHARSET=utf8 COLLATE=utf8_persian_ci;

--
-- Dumping data for table `orders`
--

INSERT INTO `orders` (`order_id`, `order_code`, `order_user_id`, `order_shop_id`, `order_price`, `order_final_price`, `order_discount_id`, `order_address`, `order_description`, `order_gps`, `order_delivery`, `order_total`, `order_date`, `order_jdate`, `order_status`) VALUES
(1, '2017062815444VNI', 1, 3, 31300, 0, 0, 'خیابان معاد بین حافظ و بهشتی', '', '0', 0, 31300, '2017-06-28 15:44:55', '۱۳۹۶-۰۴-۰۷ ۱۵:۴۴:۵۵', 4),
(2, '201706281608JKLF', 1, 3, 31300, 0, 0, 'خیابان معاد بین حافظ و بهشتی', '', '0', 0, 31300, '2017-06-28 16:08:33', '۱۳۹۶-۰۴-۰۷ ۱۶:۰۸:۳۳', 4),
(3, '201707032119K9IV', 1, 3, 10000, 0, 0, 'ااررتتیکزختینی\r\n', '', '0', 0, 8500, '2017-07-03 21:19:02', '۱۳۹۶-۰۴-۱۲ ۲۱:۱۹:۰۲', 4),
(4, '2017070321207XLJ', 1, 3, 10000, 0, 0, 'هیتیوتبتبتی\r\n', '', '0', 0, 8500, '2017-07-03 21:20:19', '۱۳۹۶-۰۴-۱۲ ۲۱:۲۰:۱۹', 4),
(5, '201707032313SRHF', 15, 6, 16000, 0, 0, '1\r\n', '', '0', 0, 12000, '2017-07-03 23:13:47', '۱۳۹۶-۰۴-۱۲ ۲۳:۱۳:۴۷', 2),
(6, '2017070323149DT0', 15, 3, 32000, 0, 0, '1\r\n', '', '0', 0, 24000, '2017-07-03 23:14:38', '۱۳۹۶-۰۴-۱۲ ۲۳:۱۴:۳۸', 4),
(7, '2017070323155P46', 15, 6, 32000, 0, 0, 'دوم پلاک ۱۵۶\r\n', '', '0', 0, 24000, '2017-07-03 23:15:36', '۱۳۹۶-۰۴-۱۲ ۲۳:۱۵:۳۶', 1),
(8, '201707061532FD7V', 15, 3, 13000, 0, 0, '1\r\n', '', '46.06699978024009,21.436327770352364', 0, 9000, '2017-07-06 15:32:52', '۱۳۹۶-۰۴-۱۵ ۱۵:۳۲:۵۲', 1),
(9, '201707071708PGIQ', 1, 3, 13000, 0, 0, 'لتال\r\n', '', '32.38250605991749,48.399083018302925', 0, 9000, '2017-07-07 17:08:41', '۱۳۹۶-۰۴-۱۶ ۱۷:۰۸:۴۱', 1),
(10, '201707071722FAJ8', 1, 5, 21500, 0, 0, 'جنوب\r\n', '', '32.35862674110358,48.433179929852486', 5000, 21000, '2017-07-07 17:22:43', '۱۳۹۶-۰۴-۱۶ ۱۷:۲۲:۴۳', 1),
(11, '20170707172306ZR', 1, 3, 21500, 0, 0, 'اینید\r\n', '', '32.3991385931566,48.3750618249178', 3200, 19200, '2017-07-07 17:23:53', '۱۳۹۶-۰۴-۱۶ ۱۷:۲۳:۵۳', 4),
(12, '20170707181233OO', 1, 3, 13000, 9000, 0, 'تا\r\n', 'کارتون رو بسته پیچی کنید', '32.38250605991749,48.399083018302925', 0, 9000, '2017-07-07 18:12:14', '۱۳۹۶-۰۴-۱۶ ۱۸:۱۲:۱۴', 4),
(13, '201707071815EZX6', 1, 3, 13000, 9000, 0, 'تا\r\n', '', '32.38250605991749,48.399083018302925', 0, 9000, '2017-07-07 18:15:37', '۱۳۹۶-۰۴-۱۶ ۱۸:۱۵:۳۷', 1),
(14, '201707071816D6V4', 1, 5, 21500, 16000, 0, 'تاکستان\r\n', '', '32.39899478550774,48.37402682751417', 3200, 19200, '2017-07-07 18:16:34', '۱۳۹۶-۰۴-۱۶ ۱۸:۱۶:۳۴', 1),
(15, '201707072247KL7V', 1, 5, 50300, 39300, 0, 'ازادگان . مهرشهر . سایت گلستان . گلستان 5\r\n', 'لطفا نی و سس فراموش نشود ب مقدار کافی', '32.41023345525231,48.35656732320785', 3800, 43100, '2017-07-07 22:47:25', '۱۳۹۶-۰۴-۱۶ ۲۲:۴۷:۲۵', 1),
(16, '201712031249R8WZ', 1, 5, 85500, 63000, 0, 'تیدیندزب\r\n', 'تی یحزویحیویحویحیتح\r\n', '32.391630848344825,48.40979844331741', 2000, 65000, '2017-12-03 12:49:44', '۱۳۹۶-۰۹-۱۲ ۱۲:۴۹:۴۴', 1);

-- --------------------------------------------------------

--
-- Table structure for table `orders_item`
--

CREATE TABLE `orders_item` (
  `orders_item_id` bigint(20) UNSIGNED NOT NULL,
  `orders_item_order_id` bigint(20) NOT NULL,
  `orders_item_product_id` bigint(20) NOT NULL,
  `orders_item_product_count` int(11) NOT NULL DEFAULT '1',
  `orders_item_price` int(11) NOT NULL,
  `orders_item_final_price` int(11) NOT NULL DEFAULT '0',
  `orders_item_total` int(11) NOT NULL
) ENGINE=InnoDB DEFAULT CHARSET=utf8 COLLATE=utf8_persian_ci;

--
-- Dumping data for table `orders_item`
--

INSERT INTO `orders_item` (`orders_item_id`, `orders_item_order_id`, `orders_item_product_id`, `orders_item_product_count`, `orders_item_price`, `orders_item_final_price`, `orders_item_total`) VALUES
(1, 1, 29, 2, 1500, 1500, 3000),
(2, 1, 28, 1, 800, 800, 800),
(3, 1, 27, 1, 10000, 10000, 10000),
(4, 1, 24, 1, 17500, 17500, 17500),
(5, 2, 29, 2, 1500, 1500, 3000),
(6, 2, 28, 1, 800, 800, 800),
(7, 2, 27, 1, 10000, 10000, 10000),
(8, 2, 24, 1, 17500, 17500, 17500),
(9, 3, 7, 1, 10000, 8500, 8500),
(10, 4, 7, 1, 10000, 8500, 8500),
(11, 5, 32, 1, 16000, 12000, 12000),
(12, 6, 32, 2, 16000, 12000, 24000),
(13, 7, 32, 2, 16000, 12000, 24000),
(14, 8, 15, 1, 13000, 9000, 9000),
(15, 9, 15, 1, 13000, 9000, 9000),
(16, 10, 31, 1, 9500, 7000, 7000),
(17, 10, 30, 1, 12000, 9000, 9000),
(18, 11, 31, 1, 9500, 7000, 7000),
(19, 11, 30, 1, 12000, 9000, 9000),
(20, 12, 15, 1, 13000, 9000, 9000),
(21, 13, 15, 1, 13000, 9000, 9000),
(22, 14, 31, 1, 9500, 7000, 7000),
(23, 14, 30, 1, 12000, 9000, 9000),
(24, 15, 31, 2, 9500, 7000, 14000),
(25, 15, 30, 2, 12000, 9000, 18000),
(26, 15, 29, 1, 1500, 1500, 1500),
(27, 15, 28, 1, 800, 800, 800),
(28, 15, 26, 1, 5000, 5000, 5000),
(29, 16, 31, 9, 9500, 7000, 63000);

-- --------------------------------------------------------

--
-- Table structure for table `payments`
--

CREATE TABLE `payments` (
  `payment_id` bigint(20) UNSIGNED NOT NULL,
  `payment_amount` int(11) NOT NULL,
  `payment_balance` int(11) NOT NULL DEFAULT '0',
  `payment_authority` varchar(200) COLLATE utf8_persian_ci NOT NULL,
  `payment_refid` varchar(50) COLLATE utf8_persian_ci NOT NULL,
  `payment_date` datetime NOT NULL,
  `payment_jdate` varchar(30) COLLATE utf8_persian_ci NOT NULL,
  `payment_user_id` bigint(20) NOT NULL,
  `payment_order_id` int(11) NOT NULL,
  `payment_status` int(11) NOT NULL DEFAULT '0'
) ENGINE=InnoDB DEFAULT CHARSET=utf8 COLLATE=utf8_persian_ci;

--
-- Dumping data for table `payments`
--

INSERT INTO `payments` (`payment_id`, `payment_amount`, `payment_balance`, `payment_authority`, `payment_refid`, `payment_date`, `payment_jdate`, `payment_user_id`, `payment_order_id`, `payment_status`) VALUES
(1, 61000, 0, '', '', '2017-06-28 01:20:40', '۱۳۹۶-۰۴-۰۷ ۰۱:۲۰:۴۰', 1, 1, 0),
(2, 61000, 0, '', '', '2017-06-28 01:21:11', '۱۳۹۶-۰۴-۰۷ ۰۱:۲۱:۱۱', 1, 1, 0),
(3, 61000, 0, '753776', '', '2017-06-28 01:21:39', '۱۳۹۶-۰۴-۰۷ ۰۱:۲۱:۳۹', 1, 1, 0),
(4, 61000, 0, '753781', '', '2017-06-28 01:21:55', '۱۳۹۶-۰۴-۰۷ ۰۱:۲۱:۵۵', 1, 1, 0),
(5, 8500, 0, '970045', '', '2017-07-03 21:20:26', '۱۳۹۶-۰۴-۱۲ ۲۱:۲۰:۲۶', 1, 4, 0),
(6, 12000, 0, '982643', '', '2017-07-03 23:13:52', '۱۳۹۶-۰۴-۱۲ ۲۳:۱۳:۵۲', 15, 5, 0),
(7, 9000, 0, '1182675', '', '2017-07-07 17:08:59', '۱۳۹۶-۰۴-۱۶ ۱۷:۰۸:۵۹', 1, 9, 0),
(8, 21000, 0, '1183125', '', '2017-07-07 17:24:34', '۱۳۹۶-۰۴-۱۶ ۱۷:۲۴:۳۴', 1, 10, 0),
(9, 43100, 0, '1191721', '', '2017-07-07 22:47:41', '۱۳۹۶-۰۴-۱۶ ۲۲:۴۷:۴۱', 1, 15, 0),
(10, 65000, 0, '8194881', '', '2017-12-03 12:49:51', '۱۳۹۶-۰۹-۱۲ ۱۲:۴۹:۵۱', 1, 16, 0);

-- --------------------------------------------------------

--
-- Table structure for table `products`
--

CREATE TABLE `products` (
  `product_id` bigint(20) UNSIGNED NOT NULL,
  `product_shop` bigint(20) NOT NULL,
  `product_plug` varchar(255) COLLATE utf8_persian_ci NOT NULL,
  `product_price` float NOT NULL,
  `product_off` int(11) NOT NULL,
  `product_name` varchar(255) COLLATE utf8_persian_ci NOT NULL,
  `product_description` text COLLATE utf8_persian_ci NOT NULL,
  `product_send_type` int(11) NOT NULL,
  `product_delivery_time` varchar(255) COLLATE utf8_persian_ci NOT NULL,
  `comments_count` int(11) NOT NULL DEFAULT '0',
  `product_exist` tinyint(1) NOT NULL DEFAULT '1',
  `product_especial` tinyint(1) NOT NULL DEFAULT '0',
  `product_likes` int(11) NOT NULL DEFAULT '0',
  `product_active` tinyint(1) NOT NULL DEFAULT '0',
  `product_create_date` date NOT NULL,
  `product_create_user_id` bigint(20) NOT NULL,
  `product_delete` tinyint(1) NOT NULL DEFAULT '0'
) ENGINE=InnoDB DEFAULT CHARSET=utf8 COLLATE=utf8_persian_ci;

--
-- Dumping data for table `products`
--

INSERT INTO `products` (`product_id`, `product_shop`, `product_plug`, `product_price`, `product_off`, `product_name`, `product_description`, `product_send_type`, `product_delivery_time`, `comments_count`, `product_exist`, `product_especial`, `product_likes`, `product_active`, `product_create_date`, `product_create_user_id`, `product_delete`) VALUES
(1, 1, 'pizza', 14000, 1000, 'پیتزا مخصوص', '', 3, '40', 0, 1, 0, 0, 0, '2017-06-15', 2, 0),
(2, 1, 'hamber', 6000, 0, 'همبرگر مکزیکی', '', 3, '40', 0, 1, 0, 0, 0, '2017-06-15', 2, 0),
(3, 1, 'felafel', 2000, 500, 'فلافل', '', 3, '25', 0, 1, 0, 20, 1, '2017-06-15', 2, 0),
(4, 1, 'morgh', 9000, 0, 'ساندویچ مرغ', '', 3, '30', 0, 1, 0, 0, 0, '2017-06-15', 2, 0),
(5, 1, 'kalbas', 3500, 0, 'کالباس', '', 1, '25', 0, 1, 0, 0, 0, '2017-06-15', 2, 0),
(6, 1, 'hotdog', 4000, 0, 'هات‌داغ پنیری', '', 1, '35', 0, 1, 0, 0, 0, '2017-06-15', 2, 0),
(7, 1, 'potato', 10000, 8500, 'سیب‌زمینی سرخ‌شده', '', 1, '30', 0, 1, 0, 1, 1, '2017-06-15', 2, 0),
(8, 2, 'ghorme', 4500, 0, 'قرمه سبزی', '', 1, '30', 0, 1, 0, 0, 0, '2017-06-16', 2, 0),
(9, 2, 'kabab', 8000, 1000, 'چلو کباب', '', 3, '35', 0, 1, 0, 0, 0, '2017-06-16', 2, 0),
(10, 2, 'joje', 9000, 0, 'جوجه‌کباب', '', 3, '40', 0, 1, 0, 0, 0, '2017-06-16', 2, 0),
(11, 2, 'estamboli', 5000, 0, 'استامبولی', '', 3, '20', 0, 1, 0, 0, 0, '2017-06-16', 2, 0),
(12, 2, 'gheime', 6000, 0, 'قیمه', '', 1, '30', 0, 1, 0, 0, 0, '2017-06-16', 2, 0),
(13, 2, 'morgh', 7000, 1000, 'خوراک مرغ', '', 1, '30', 0, 1, 0, 0, 0, '2017-06-16', 2, 0),
(14, 2, 'morgh', 7000, 1000, 'خوراک مرغ', '', 1, '30', 0, 1, 0, 0, 1, '2017-06-16', 2, 0),
(15, 3, 'danmarki', 13000, 9000, 'شیرینی دانمارکی', '', 3, '15', 0, 1, 1, 1, 1, '2017-06-16', 2, 0),
(16, 3, 'cake', 14000, 0, 'کیک شکلاتی', '', 1, '20', 0, 0, 0, 0, 0, '2017-06-16', 2, 0),
(17, 3, 'cakebastani', 12000, 0, 'کیک بستنی', '', 3, '25', 0, 1, 0, 0, 0, '2017-06-16', 2, 0),
(18, 3, 'sunshine', 8500, 0, 'سان شاین', '', 1, '30', 0, 1, 0, 0, 1, '2017-06-16', 2, 0),
(19, 3, 'sheike', 7000, 0, 'میلک شیک', '', 1, '30', 0, 1, 0, 0, 1, '2017-06-16', 2, 0),
(20, 3, 'koktel', 9000, 0, 'کوکتل', '', 2, '30', 0, 0, 1, 0, 1, '2017-06-16', 2, 0),
(21, 3, 'tiramiso', 6000, 0, 'تیرامیسو', '', 1, '20', 0, 1, 1, 1, 1, '2017-06-16', 2, 0),
(22, 3, 'cakeyakh', 9500, 0, 'کیک یخچالی', '', 1, '25', 0, 0, 0, 1, 1, '2017-06-16', 2, 0),
(23, 3, 'majlesi', 4000, 3500, 'خشک مجلسی', '', 1, '60', 0, 0, 0, 0, 1, '2017-06-18', 2, 0),
(24, 5, 'limo-suprim', 17500, 0, 'پیتزا سوپریم', '', 1, '30', 0, 1, 0, 0, 0, '2017-06-28', 2, 0),
(25, 5, 'unani', 15000, 0, 'پیتزا یونانی', '', 1, '35', 0, 1, 0, 0, 0, '2017-06-28', 2, 0),
(26, 5, 'gharch', 5000, 0, 'قارچ سوخاری', '', 1, '30', 0, 1, 0, 0, 0, '2017-06-28', 2, 0),
(27, 5, 'sib', 10000, 0, 'سیب زمینی مخصوص', 'سیب زمینی مخصوص از سفارش های پر طرفدار لیمو!', 1, '30', 0, 1, 0, 0, 0, '2017-06-28', 2, 0),
(28, 5, 'coca', 800, 0, 'سیاه کوکا کولا', '', 1, '30', 0, 1, 0, 0, 0, '2017-06-28', 2, 0),
(29, 5, 'fanta', 1500, 0, 'فانتا', '', 1, '30', 0, 1, 0, 0, 0, '2017-06-28', 2, 0),
(30, 5, 'hamber', 12000, 9000, 'همبرگر مخصوص لیمو', '', 1, '30', 0, 1, 0, 0, 0, '2017-06-28', 2, 0),
(31, 5, 'hamber', 9500, 7000, 'همبرگر مرغ', '', 1, '30', 0, 1, 0, 0, 0, '2017-06-28', 2, 0),
(32, 6, 'peperoni', 16000, 12000, 'پیتزا پپرونی', 'پپرونی نوعی کالباس تند از گوشت گوساله است که معمولا قطر کمی دارد و به صورت حلقه حلقه در تاپینگ پیتزا استفاده می شود. در بعضی پیتزافروشی ها به جای استفاده از پپرونی از کالباس معمولی استفاده شده و پیتزا با فلفل، تند می شود. سالامی هم نوع دیگری از کالباس گوشت گوساله است که تند نیست، اما چربی بالاتری دارد. بهتر است برای تهیه پیتزایسالامی و پپرونی، کالباس ها روی بقیه تاپینگ ها قرار بگیرند تا کاملا در معرض حرارت قرار گرفته و برشته شوند. یکی دیگر از پیتزاهای تند که به پیتزا پپرونی شباهت زیادی دارد، پیتزا مکزیکی یا در بعضی منوها «مکزیکانا» ست. تاپینگ آن شامل گوشت چرخ کرده سرخ شده به همراه زیره سبز و فلفل تازه تند است. در بعضی از منوها این پیتزا با نام پیتزا «آمیگو» نامگذاری شده است.', 3, '40', 0, 1, 0, 0, 1, '2017-06-29', 2, 0),
(33, 7, 'Sunshine', 9000, 8000, 'سان‌شاین', '', 3, '35', 0, 1, 1, 0, 1, '2017-06-30', 2, 0),
(34, 6, 'unani', 14000, 0, 'پیتزا یونانی', 'پپرونی نوعی کالباس تند از گوشت گوساله است که معمولا قطر کمی دارد و به صورت حلقه حلقه در تاپینگ پیتزا استفاده می شود. در بعضی پیتزافروشی ها به جای استفاده از پپرونی از کالباس معمولی استفاده شده و پیتزا با فلفل، تند می شود. سالامی هم نوع دیگری از کالباس گوشت گوساله است که تند نیست، اما چربی بالاتری دارد. بهتر است برای تهیه پیتزایسالامی و پپرونی، کالباس ها روی بقیه تاپینگ ها قرار بگیرند تا کاملا در معرض حرارت قرار گرفته و برشته شوند. یکی دیگر از پیتزاهای تند که به پیتزا پپرونی شباهت زیادی دارد، پیتزا مکزیکی یا در بعضی منوها «مکزیکانا» ست. تاپینگ آن شامل گوشت چرخ کرده سرخ شده به همراه زیره سبز و فلفل تازه تند است. در بعضی از منوها این پیتزا با نام پیتزا «آمیگو» نامگذاری شده است.', 1, '26', 0, 0, 1, 0, 0, '2017-07-01', 2, 0),
(35, 4, 'khiar', 3000, 2000, 'خیار', '', 1, '15', 0, 1, 0, 0, 1, '2017-07-01', 2, 0),
(36, 4, 'sib', 5000, 4000, 'سیب درختی', '', 1, '15', 0, 1, 0, 0, 1, '2017-07-01', 2, 0),
(37, 4, 'geshniz', 2500, 1500, 'گشنیز', '', 1, '15', 0, 1, 0, 0, 1, '2017-07-01', 2, 0),
(38, 7, 'Ghifi', 3000, 2000, 'بستنی قیفی', '', 3, '15', 0, 1, 1, 0, 1, '2017-07-02', 2, 0);

-- --------------------------------------------------------

--
-- Table structure for table `products_meta`
--

CREATE TABLE `products_meta` (
  `product_meta_id` bigint(20) UNSIGNED NOT NULL,
  `product_id` bigint(20) NOT NULL,
  `product_meta_key` varchar(255) COLLATE utf8_persian_ci NOT NULL,
  `product_meta_value` text COLLATE utf8_persian_ci NOT NULL,
  `product_meta_active` tinyint(1) NOT NULL DEFAULT '1'
) ENGINE=InnoDB DEFAULT CHARSET=utf8 COLLATE=utf8_persian_ci;

--
-- Dumping data for table `products_meta`
--

INSERT INTO `products_meta` (`product_meta_id`, `product_id`, `product_meta_key`, `product_meta_value`, `product_meta_active`) VALUES
(1, 1, 'image', 'image-2017-06-15-15-0449--47378.jpg', 1),
(2, 2, 'image', 'image-2017-06-15-15-0547--ساندویچ-همبرگر.jpg', 1),
(3, 3, 'image', 'image-2017-06-15-15-1018--DSC_0371.jpg', 1),
(4, 4, 'image', 'image-2017-06-15-15-1059--146998983543348-irannaz-com.jpg', 1),
(5, 5, 'image', 'image-2017-06-15-15-1357--food_29_20091104_1078873442.jpg', 1),
(6, 6, 'image', 'image-2017-06-15-15-1431--foods_10_20091104_1566258780.jpg', 1),
(7, 7, 'image', 'image-2017-06-15-15-1519--11250.jpg', 1),
(8, 8, 'image', 'image-2017-06-16-05-0238--570ba45faab1a.JPG', 1),
(9, 9, 'image', 'image-2017-06-16-05-0327--kabab-3.jpg', 1),
(10, 10, 'image', 'image-2017-06-16-05-0419--ddb07c2b6e292d0d51de7cac37b7f302.jpg', 1),
(11, 11, 'image', 'image-2017-06-16-05-0459--estamboli2.jpg', 1),
(12, 12, 'image', 'image-2017-06-16-05-0621--570ced6909387-mepatogh.ir.png', 1),
(13, 13, 'image', 'image-2017-06-16-05-0709--146521821673078-irannaz-com.jpg', 1),
(14, 14, 'image', 'image-2017-06-16-05-0710--146521821673078-irannaz-com.jpg', 1),
(15, 15, 'image', 'image-2017-06-16-05-3446--121.jpg', 1),
(16, 16, 'image', 'image-2017-06-16-05-3601--18315.jpg', 1),
(17, 17, 'image', 'image-2017-06-16-05-3646--930802_304.jpg', 1),
(18, 18, 'image', 'image-2017-06-16-05-3804--fo2715.jpg', 1),
(19, 19, 'image', 'image-2017-06-16-05-3840--1449652959739256072.jpg', 1),
(20, 20, 'image', 'image-2017-06-16-05-3935--Untitled-1(42).jpg', 1),
(21, 21, 'image', 'image-2017-06-16-05-4035--19114.jpg', 1),
(22, 22, 'image', 'image-2017-06-16-05-4112--fo3333.jpg', 1),
(23, 15, 'image', 'image-2017-06-17-03-4833--00-7-715x400.jpg', 1),
(24, 23, 'image', 'image-2017-06-18-05-5724--KH07.jpg', 1),
(25, 24, 'image', 'image-2017-06-28-12-5729--suprime.jpg', 1),
(26, 25, 'image', 'image-2017-06-28-13-0001--Greek Pizza with Ontario Feta.png', 1),
(27, 26, 'image', 'image-2017-06-28-13-0120--36554_504.jpg', 1),
(28, 27, 'image', 'image-2017-06-28-13-0208--11250.jpg', 1),
(29, 28, 'image', 'image-2017-06-28-13-0359--lg_ecbce_0259.jpg', 1),
(30, 29, 'image', 'image-2017-06-28-13-0433--330___49737_orig.jpg', 1),
(31, 30, 'image', 'image-2017-06-28-13-0538--images.jpg', 1),
(32, 31, 'image', 'image-2017-06-28-13-0653--hamberger.JPG', 1),
(33, 32, 'image', 'image-2017-06-29-13-5122--151_1stuffed_crust_pizza-e1440864442652.jpg', 1),
(34, 33, 'image', 'image-2017-06-30-22-5643--fo2715.jpg', 1),
(35, 34, 'image', 'image-2017-07-01-16-5719--12362494_1685195458430907_1417461484_n.jpg', 1),
(36, 35, 'image', 'image-2017-07-01-17-0936--he4014.jpg', 1),
(37, 36, 'image', 'image-2017-07-01-17-1138--965_orig.jpg', 1),
(38, 37, 'image', 'image-2017-07-01-17-1214--خواص-گشنیز.jpg', 1),
(39, 38, 'image', 'image-2017-07-02-16-0456--QWBFKINBNSZPGQDBQCDWTNONKHLURI.jpg', 1);

-- --------------------------------------------------------

--
-- Table structure for table `products_relation`
--

CREATE TABLE `products_relation` (
  `relation_id` bigint(20) UNSIGNED NOT NULL,
  `relation_product_id` bigint(20) NOT NULL,
  `relation_shop_id` bigint(20) NOT NULL,
  `relation_category_id` bigint(20) NOT NULL
) ENGINE=InnoDB DEFAULT CHARSET=utf8 COLLATE=utf8_persian_ci;

--
-- Dumping data for table `products_relation`
--

INSERT INTO `products_relation` (`relation_id`, `relation_product_id`, `relation_shop_id`, `relation_category_id`) VALUES
(1, 1, 1, 5),
(2, 2, 1, 6),
(3, 3, 1, 6),
(4, 4, 1, 6),
(5, 5, 1, 6),
(6, 6, 1, 6),
(8, 8, 2, 11),
(9, 9, 2, 9),
(10, 10, 2, 9),
(11, 11, 2, 10),
(12, 12, 2, 11),
(13, 13, 2, 12),
(14, 14, 2, 12),
(16, 16, 3, 20),
(17, 17, 3, 20),
(18, 18, 3, 20),
(19, 19, 3, 20),
(21, 21, 3, 20),
(22, 23, 3, 19),
(23, 24, 5, 5),
(24, 25, 5, 5),
(25, 26, 5, 8),
(26, 27, 5, 8),
(27, 28, 5, 7),
(28, 29, 5, 7),
(29, 30, 5, 6),
(30, 31, 5, 6),
(33, 33, 7, 20),
(41, 37, 4, 23),
(42, 36, 4, 22),
(43, 35, 4, 22),
(44, 34, 6, 6),
(45, 32, 6, 5),
(46, 38, 7, 29),
(47, 15, 3, 19),
(48, 7, 1, 5);

-- --------------------------------------------------------

--
-- Table structure for table `sections`
--

CREATE TABLE `sections` (
  `section_id` bigint(20) UNSIGNED NOT NULL,
  `section_name` varchar(255) COLLATE utf8_persian_ci NOT NULL,
  `active` tinyint(1) NOT NULL DEFAULT '0',
  `delete` tinyint(1) NOT NULL DEFAULT '0',
  `section_create_by` bigint(20) NOT NULL DEFAULT '1'
) ENGINE=InnoDB DEFAULT CHARSET=utf8 COLLATE=utf8_persian_ci;

--
-- Dumping data for table `sections`
--

INSERT INTO `sections` (`section_id`, `section_name`, `active`, `delete`, `section_create_by`) VALUES
(1, 'رستوران و فست‌فود', 1, 1, 2),
(2, 'رستوران و فست‌فود', 1, 0, 2),
(3, 'شیرینی و بستنی', 1, 0, 2),
(4, 'میوه و سبزیجات', 1, 0, 2);

-- --------------------------------------------------------

--
-- Table structure for table `sections_meta`
--

CREATE TABLE `sections_meta` (
  `section_meta_id` bigint(20) UNSIGNED NOT NULL,
  `section_meta_section_id` bigint(20) NOT NULL,
  `section_meta_key` varchar(255) COLLATE utf8_persian_ci NOT NULL,
  `section_meta_value` varchar(255) COLLATE utf8_persian_ci NOT NULL,
  `meta_active` tinyint(1) NOT NULL DEFAULT '0'
) ENGINE=InnoDB DEFAULT CHARSET=utf8 COLLATE=utf8_persian_ci;

--
-- Dumping data for table `sections_meta`
--

INSERT INTO `sections_meta` (`section_meta_id`, `section_meta_section_id`, `section_meta_key`, `section_meta_value`, `meta_active`) VALUES
(1, 1, 'city', '1', 1),
(2, 1, 'category', 'رستوران', 0),
(3, 1, 'category', 'فست‌فود', 0),
(4, 2, 'city', '1', 1),
(5, 2, 'category', 'پیتزا', 1),
(6, 2, 'category', 'ساندویچ', 1),
(7, 2, 'category', 'نوشیدنی', 1),
(8, 2, 'category', 'پیش غذا', 1),
(9, 2, 'category', 'کباب', 1),
(10, 2, 'category', 'پلو', 1),
(11, 2, 'category', 'خورشت', 1),
(12, 2, 'category', 'خوراک', 1),
(13, 2, 'category', 'سوخاری', 1),
(14, 2, 'shop_category', 'رستوران', 1),
(15, 2, 'shop_category', 'فست‌فود', 1),
(16, 3, 'city', '1', 1),
(17, 3, 'shop_category', 'بستنی', 1),
(18, 3, 'shop_category', 'شیرینی', 1),
(19, 3, 'category', 'شیرینی خشک', 1),
(20, 3, 'category', 'شیرینی تر', 1),
(21, 4, 'city', '1', 1),
(22, 4, 'category', 'میوه', 1),
(23, 4, 'category', 'سبزیجات', 1),
(24, 4, 'shop_category', 'میوه', 1),
(25, 4, 'shop_category', 'سبزیجات', 1),
(26, 2, 'banner', 'image-2017-06-16-05-5509--1.jpg', 1),
(27, 3, 'banner', 'image-2017-06-16-05-5524--2.jpg', 0),
(28, 4, 'banner', 'image-2017-06-16-05-5537--3.jpg', 1),
(29, 3, 'category', 'بستنی', 1),
(30, 3, 'banner', 'image-2017-07-03-23-3454--cake_baner1.jpg', 1);

-- --------------------------------------------------------

--
-- Table structure for table `shops`
--

CREATE TABLE `shops` (
  `shop_id` bigint(20) UNSIGNED NOT NULL,
  `shop_section_id` bigint(20) NOT NULL,
  `shop_category_id` bigint(20) NOT NULL,
  `shop_city_id` int(11) NOT NULL,
  `shop_name` varchar(255) COLLATE utf8_persian_ci NOT NULL,
  `shop_address` text COLLATE utf8_persian_ci NOT NULL,
  `shop_lat_lng` varchar(50) COLLATE utf8_persian_ci NOT NULL,
  `shop_telephone` text COLLATE utf8_persian_ci NOT NULL,
  `shop_min` int(11) NOT NULL,
  `shop_create_date` date NOT NULL,
  `shop_create_by` bigint(20) NOT NULL,
  `shop_admin` bigint(20) NOT NULL,
  `percent` float DEFAULT '10',
  `delivery_cost` float NOT NULL,
  `delivery_free` int(11) NOT NULL DEFAULT '0',
  `delivery_add_cost_km` int(11) NOT NULL DEFAULT '0',
  `delivery_add_cost_price` int(11) NOT NULL DEFAULT '0',
  `shop_active` tinyint(1) NOT NULL DEFAULT '0'
) ENGINE=InnoDB DEFAULT CHARSET=utf8 COLLATE=utf8_persian_ci;

--
-- Dumping data for table `shops`
--

INSERT INTO `shops` (`shop_id`, `shop_section_id`, `shop_category_id`, `shop_city_id`, `shop_name`, `shop_address`, `shop_lat_lng`, `shop_telephone`, `shop_min`, `shop_create_date`, `shop_create_by`, `shop_admin`, `percent`, `delivery_cost`, `delivery_free`, `delivery_add_cost_km`, `delivery_add_cost_price`, `shop_active`) VALUES
(1, 2, 14, 1, 'اپریل', 'کوی حافظ، خیابان ۵', '', '061-42447136', 5000, '2017-06-15', 2, 3, 5, 0, 0, 0, 0, 1),
(2, 2, 14, 1, 'دریم‌لند', 'خیابان فردوسی نبش طالقانی', '', '061-42227425', 6000, '2017-06-16', 2, 4, 10, 0, 0, 0, 0, 1),
(3, 3, 18, 1, 'تاباسکو', 'خیابان شریعتی، نبش بوعلی', '', '061-42402368', 7000, '2017-06-16', 2, 1, 5, 0, 0, 0, 0, 1),
(4, 4, 24, 1, 'پاستا', 'آزادگان،‌خیابان پاسدار، نبش خیابان ۷ ', '', '061-42430841', 5000, '2017-06-16', 2, 7, 10, 0, 0, 0, 0, 1),
(5, 2, 15, 1, 'لیمو', 'خیابان شریعتی روبروی دبیرستان شریعتی', '32.376932,48.4172587', '06142444586', 15000, '2017-06-28', 2, 11, 6, 2000, 0, 1, 300, 1),
(6, 2, 15, 1, 'هیوا', 'دزفول، خیابان اقبال، نبش آفرینش', '', '06142420558', 20000, '2017-06-29', 2, 9, 10, 0, 0, 0, 0, 1),
(7, 3, 18, 1, 'پاییزان', '۴۵ متری٬ کنار بیمارستان افشار', '', '06142458744', 7000, '2017-06-30', 2, 9, 10, 0, 0, 0, 0, 1);

-- --------------------------------------------------------

--
-- Table structure for table `shops_meta`
--

CREATE TABLE `shops_meta` (
  `shop_meta_id` bigint(20) UNSIGNED NOT NULL,
  `shop_meta_shop_id` bigint(20) NOT NULL,
  `shop_meta_key` varchar(255) COLLATE utf8_persian_ci NOT NULL,
  `shop_meta_value` text COLLATE utf8_persian_ci NOT NULL,
  `shop_meta_active` tinyint(1) NOT NULL DEFAULT '1'
) ENGINE=InnoDB DEFAULT CHARSET=utf8 COLLATE=utf8_persian_ci;

--
-- Dumping data for table `shops_meta`
--

INSERT INTO `shops_meta` (`shop_meta_id`, `shop_meta_shop_id`, `shop_meta_key`, `shop_meta_value`, `shop_meta_active`) VALUES
(1, 1, 'logo', 'image-2017-06-15-14-5501--aprilerestaurantlogo.png', 1),
(2, 1, 'image', 'image-2017-06-15-14-5510--2014-04-04T104929Z_01_MOS13_RTRIDSP_3_UKRAINE-CRISIS-MCDONALDS-04-04-2014-12-04-00-322.jpg', 1),
(3, 2, 'image', 'image-2017-06-16-05-0133--161005-eatsa-restaurant-outside-251p_f8e2f24111f6b52c48a82f96f53bc207.nbcnews-ux-2880-1000.jpg', 1),
(4, 2, 'logo', 'image-2017-06-16-05-0141--Dreamland-Logo.png', 1),
(5, 3, 'image', 'image-2017-06-16-05-3338--17662249_1057150504389833_3438261568310083584_n.jpg', 1),
(6, 3, 'logo', 'image-2017-06-16-05-3350--Tabasco-Logo.jpg', 1),
(7, 4, 'image', 'image-2017-06-16-05-4816--logo-tous-au-restaurant.png', 0),
(8, 4, 'logo', 'image-2017-06-16-05-4831--vao-restaurant-outside.jpg', 0),
(9, 4, 'logo', 'image-2017-06-16-05-4905--vao-restaurant-outside.jpg', 0),
(10, 4, 'logo', 'image-2017-06-16-05-4959--vao-restaurant-outside.jpg', 1),
(11, 4, 'image', 'logoPasta.gif', 0),
(12, 4, 'image', 'image-2017-06-16-05-5048--logoPasta.png', 1),
(13, 5, 'logo', 'image-2017-06-28-12-5211--com.lemon.jahan.ara_512x512.png', 1),
(14, 5, 'image', 'image-2017-06-28-12-5229--com.lemon.jahan.ara0.jpg', 1),
(15, 6, 'image', 'image-2017-06-29-13-4427--heeva-fastfood.jpg', 1),
(16, 6, 'logo', 'image-2017-06-29-13-4438--logo-heeva-big.png', 1),
(17, 7, 'image', 'image-2017-06-30-22-5447--17662249_1057150504389833_3438261568310083584_n.jpg', 1),
(18, 7, 'logo', 'image-2017-06-30-22-5513--IMG_20170306_022126.jpg', 1);

-- --------------------------------------------------------

--
-- Table structure for table `sms_log`
--

CREATE TABLE `sms_log` (
  `sms_id` bigint(20) UNSIGNED NOT NULL,
  `sms_content` text COLLATE utf8_persian_ci NOT NULL,
  `sms_date` datetime NOT NULL,
  `sms_to` varchar(11) COLLATE utf8_persian_ci NOT NULL
) ENGINE=InnoDB DEFAULT CHARSET=utf8 COLLATE=utf8_persian_ci;

--
-- Dumping data for table `sms_log`
--

INSERT INTO `sms_log` (`sms_id`, `sms_content`, `sms_date`, `sms_to`) VALUES
(1, '36261', '2017-06-21 10:47:27', '09378470956'),
(2, '50641', '2017-06-21 11:00:30', '09378470956'),
(3, '42762', '2017-06-21 11:06:57', '09378470956'),
(4, '56776', '2017-06-21 11:15:42', '09378470956'),
(5, '42519', '2017-06-21 11:16:44', '09378470956'),
(6, '17268', '2017-06-21 11:25:22', '09378470956'),
(7, '70886', '2017-06-22 20:41:27', '09167938162'),
(8, '22031', '2017-06-30 22:32:04', '09361264850'),
(9, '65237', '2017-07-01 17:45:14', '09361264850'),
(10, 'orderAccept', '2017-07-04 14:42:56', '09378470956'),
(11, 'orderAccept', '2017-07-04 14:44:53', '09378470956'),
(12, 'orderAccept', '2017-07-04 14:45:21', '09361264850'),
(13, 'orderAccept', '2017-07-06 15:24:28', '09378470956'),
(14, 'orderSend', '2017-07-06 15:25:31', '09378470956'),
(15, 'orderAccept', '2017-07-07 17:15:55', '09378470956'),
(16, 'orderSend', '2017-07-07 17:16:20', '09378470956'),
(17, 'orderAccept', '2017-07-07 18:22:53', '09378470956'),
(18, 'orderSend', '2017-07-07 18:23:03', '09378470956'),
(19, 'orderAccept', '2017-07-07 18:25:07', '09378470956'),
(20, 'orderSend', '2017-07-07 18:25:10', '09378470956');

-- --------------------------------------------------------

--
-- Table structure for table `states`
--

CREATE TABLE `states` (
  `state_id` int(10) UNSIGNED NOT NULL,
  `state_name` varchar(250) COLLATE utf8_persian_ci NOT NULL
) ENGINE=InnoDB DEFAULT CHARSET=utf8 COLLATE=utf8_persian_ci;

--
-- Dumping data for table `states`
--

INSERT INTO `states` (`state_id`, `state_name`) VALUES
(1, 'البرز'),
(2, 'آذربایجان شرقی'),
(3, 'آذربایجان غربی'),
(4, 'اصفهان'),
(5, 'ایلام'),
(6, 'تهران'),
(7, 'چهارمحال و بختیاری'),
(8, 'خراسان جنوبی'),
(9, 'خراسان رضوی'),
(10, 'خراسان شمالی'),
(11, 'خوزستان'),
(12, 'زنجان'),
(13, 'سمنان'),
(14, 'سیستان و بلوچستان'),
(15, 'فارس'),
(16, 'قزوین'),
(17, 'قم'),
(18, 'کردستان'),
(19, 'کرمان'),
(20, 'کرمانشاه'),
(21, 'کهکیلویه و بویراحمد'),
(22, 'گلستان'),
(23, 'گیلان'),
(24, 'لرستان'),
(25, 'مازندران'),
(26, 'مرکزی'),
(27, 'هرمزگان'),
(28, 'همدان'),
(29, 'یزد'),
(30, 'اردبیل');

-- --------------------------------------------------------

--
-- Table structure for table `support`
--

CREATE TABLE `support` (
  `support_id` bigint(20) NOT NULL,
  `support_from_uid` bigint(20) NOT NULL,
  `support_to_uid` bigint(20) NOT NULL,
  `support_message` text COLLATE utf8_persian_ci NOT NULL,
  `support_status` int(11) NOT NULL,
  `support_date` timestamp NOT NULL DEFAULT CURRENT_TIMESTAMP ON UPDATE CURRENT_TIMESTAMP
) ENGINE=MyISAM DEFAULT CHARSET=utf8 COLLATE=utf8_persian_ci;

--
-- Dumping data for table `support`
--

INSERT INTO `support` (`support_id`, `support_from_uid`, `support_to_uid`, `support_message`, `support_status`, `support_date`) VALUES
(1, 1, 4, 'هووش\r\n', 0, '2017-06-19 00:11:57'),
(2, 1, 4, 'سلام \r\n', 0, '2017-06-19 00:12:01'),
(3, 1, 4, 'گی تو برنامتون\r\n', 0, '2017-06-19 00:12:09'),
(4, 1, 4, 'عن بگبرنش\r\n', 0, '2017-06-19 00:12:17'),
(5, 1, 4, 'هیچ بدرد نمبخوره\r\n', 0, '2017-06-19 00:12:26'),
(6, 1, 4, 'سلا\r\n', 0, '2017-06-19 00:12:29'),
(7, 1, 4, 'دوسه تا چی اول گقتم نیومدن برات\r\n', 0, '2017-06-19 00:12:48'),
(8, 1, 4, 'نرینی\r\n', 0, '2017-06-19 00:14:23'),
(9, 1, 4, 'باشه بابا اشکاتو پاک کن', 0, '2017-06-19 00:14:44'),
(10, 1, 4, 'چقد سلام میکنی مرتیکه مسخره! زودباش سفارشمو اوکی کن\r\n', 0, '2017-06-19 01:07:05');

-- --------------------------------------------------------

--
-- Table structure for table `users`
--

CREATE TABLE `users` (
  `users_ID` bigint(20) UNSIGNED NOT NULL,
  `user_login` varchar(255) COLLATE utf8_persian_ci NOT NULL,
  `user_pass` varchar(255) COLLATE utf8_persian_ci NOT NULL,
  `user_display_name` varchar(255) COLLATE utf8_persian_ci NOT NULL,
  `user_phone` varchar(11) COLLATE utf8_persian_ci NOT NULL,
  `user_registered` datetime NOT NULL,
  `user_status` int(11) NOT NULL DEFAULT '1',
  `user_approve` int(11) NOT NULL DEFAULT '1',
  `user_balance` int(11) NOT NULL
) ENGINE=InnoDB DEFAULT CHARSET=utf8 COLLATE=utf8_persian_ci;

--
-- Dumping data for table `users`
--

INSERT INTO `users` (`users_ID`, `user_login`, `user_pass`, `user_display_name`, `user_phone`, `user_registered`, `user_status`, `user_approve`, `user_balance`) VALUES
(1, '09378470956', '$/Mhasher/f3287feff840719545baf4ab46ca7d51', 'محمد صبائیان\r\n', '09378470956', '2016-09-04 00:00:00', 3, 1, 0),
(2, 'omid', '$/Mhasher/f3287feff840719545baf4ab46ca7d51', 'سید امید علوی', '09370082516', '2016-09-04 00:00:00', 3, 1, 0),
(3, 'rasmus', '$/Mhasher/f3287feff840719545baf4ab46ca7d51', 'راسمومس لردوف کروپد', '09370082516', '2016-09-04 00:00:00', 2, 0, 0),
(4, 'ali_edalat', '$/Mhasher/f3287feff840719545baf4ab46ca7d51', 'علی عدالتی', '09370082516', '2016-09-10 00:00:00', 1, 0, 0),
(9, 'ai', '$/Mhasher/f3287feff840719545baf4ab46ca7d51', 'علی آصفی', '0930000000', '2016-09-21 13:47:31', 1, 0, 0),
(10, 'rahmani', '$/Mhasher/2bdef03b8f23bd3f47114e9d2b8377ea', 'فریبرز رحمانی', '09163446683', '2016-09-23 12:03:12', 1, 0, 0),
(11, 'ali-sadeghi', '$/Mhasher/2bdef03b8f23bd3f47114e9d2b8377ea', 'علی صادقی نسب', '09365215781', '2016-11-22 10:03:12', 1, 0, 0),
(12, 'support-dezful', '$/Mhasher/f3287feff840719545baf4ab46ca7d51', 'پشتیبان دزفول', '0900000000', '2017-06-18 00:00:00', 4, 1, 0),
(14, 'amir', '$/Mhasher/228cbd079a6f2cf03e1cff886e679304', 'امیرمحمد قلمبر', '09365242785', '2017-06-29 13:32:46', 1, 0, 0),
(15, '09361264850', '$/Mhasher/91b7be91a05c42231da25a62fbf77269', 'امید ایروانی\r\n', '09361264850', '2017-07-01 17:45:36', 1, 1, 0);

-- --------------------------------------------------------

--
-- Table structure for table `users_meta`
--

CREATE TABLE `users_meta` (
  `users_meta_id` bigint(20) UNSIGNED NOT NULL,
  `users_meta_user_id` bigint(20) NOT NULL,
  `users_meta_key` varchar(255) COLLATE utf8_persian_ci NOT NULL,
  `users_meta_value` text COLLATE utf8_persian_ci NOT NULL
) ENGINE=InnoDB DEFAULT CHARSET=utf8 COLLATE=utf8_persian_ci;

--
-- Dumping data for table `users_meta`
--

INSERT INTO `users_meta` (`users_meta_id`, `users_meta_user_id`, `users_meta_key`, `users_meta_value`) VALUES
(1, 1, 'avatar', 'avatar_square_blue.png'),
(2, 1, 'user_position_name', 'مدیر عامل'),
(3, 2, 'user_position_name', 'مدیر عامل'),
(4, 2, 'avatar', 'avatar_square_blue.png'),
(5, 3, 'avatar', 'avatar_square_blue.png'),
(6, 4, 'avatar', 'avatar_square_blue.png'),
(8, 10, 'card', '6104-3379-8730-1100'),
(9, 10, 'position', 'کارمند گوگل'),
(10, 11, 'position', 'مدیر حمل و نقل پارسیان'),
(11, 1, 'fcm_token', 'fpbl6RcfKLk:APA91bH3QjA0yBV08DqyCv3tjpgMCfRmnDExYf9YDfgYSzqVMuDRreBThyuYzSXgqf7LP9q_P3UbeGlC5s8iP59Misc3a4h22mY-HWrlu57O3EobkWlKbcw2Y1S7dHQid4JKZAHau-O8'),
(12, 1, 'card', '6104337987300009');

--
-- Indexes for dumped tables
--

--
-- Indexes for table `cities`
--
ALTER TABLE `cities`
  ADD PRIMARY KEY (`city_id`);

--
-- Indexes for table `cities_meta`
--
ALTER TABLE `cities_meta`
  ADD PRIMARY KEY (`city_meta_id`);

--
-- Indexes for table `comments`
--
ALTER TABLE `comments`
  ADD PRIMARY KEY (`comment_id`);

--
-- Indexes for table `discounts`
--
ALTER TABLE `discounts`
  ADD PRIMARY KEY (`discount_id`);

--
-- Indexes for table `discounts_use`
--
ALTER TABLE `discounts_use`
  ADD PRIMARY KEY (`discount_use_id`);

--
-- Indexes for table `gallery`
--
ALTER TABLE `gallery`
  ADD PRIMARY KEY (`image_id`);

--
-- Indexes for table `likes`
--
ALTER TABLE `likes`
  ADD PRIMARY KEY (`like_id`);

--
-- Indexes for table `orders`
--
ALTER TABLE `orders`
  ADD PRIMARY KEY (`order_id`);

--
-- Indexes for table `orders_item`
--
ALTER TABLE `orders_item`
  ADD PRIMARY KEY (`orders_item_id`);

--
-- Indexes for table `payments`
--
ALTER TABLE `payments`
  ADD PRIMARY KEY (`payment_id`);

--
-- Indexes for table `products`
--
ALTER TABLE `products`
  ADD PRIMARY KEY (`product_id`);

--
-- Indexes for table `products_meta`
--
ALTER TABLE `products_meta`
  ADD PRIMARY KEY (`product_meta_id`);

--
-- Indexes for table `products_relation`
--
ALTER TABLE `products_relation`
  ADD PRIMARY KEY (`relation_id`);

--
-- Indexes for table `sections`
--
ALTER TABLE `sections`
  ADD PRIMARY KEY (`section_id`);

--
-- Indexes for table `sections_meta`
--
ALTER TABLE `sections_meta`
  ADD PRIMARY KEY (`section_meta_id`);

--
-- Indexes for table `shops`
--
ALTER TABLE `shops`
  ADD PRIMARY KEY (`shop_id`);

--
-- Indexes for table `shops_meta`
--
ALTER TABLE `shops_meta`
  ADD PRIMARY KEY (`shop_meta_id`);

--
-- Indexes for table `sms_log`
--
ALTER TABLE `sms_log`
  ADD PRIMARY KEY (`sms_id`);

--
-- Indexes for table `states`
--
ALTER TABLE `states`
  ADD PRIMARY KEY (`state_id`);

--
-- Indexes for table `support`
--
ALTER TABLE `support`
  ADD PRIMARY KEY (`support_id`);

--
-- Indexes for table `users`
--
ALTER TABLE `users`
  ADD PRIMARY KEY (`users_ID`);

--
-- Indexes for table `users_meta`
--
ALTER TABLE `users_meta`
  ADD PRIMARY KEY (`users_meta_id`);

--
-- AUTO_INCREMENT for dumped tables
--

--
-- AUTO_INCREMENT for table `cities`
--
ALTER TABLE `cities`
  MODIFY `city_id` bigint(20) UNSIGNED NOT NULL AUTO_INCREMENT, AUTO_INCREMENT=3;

--
-- AUTO_INCREMENT for table `cities_meta`
--
ALTER TABLE `cities_meta`
  MODIFY `city_meta_id` bigint(20) NOT NULL AUTO_INCREMENT, AUTO_INCREMENT=65;

--
-- AUTO_INCREMENT for table `comments`
--
ALTER TABLE `comments`
  MODIFY `comment_id` bigint(20) UNSIGNED NOT NULL AUTO_INCREMENT, AUTO_INCREMENT=14;

--
-- AUTO_INCREMENT for table `discounts`
--
ALTER TABLE `discounts`
  MODIFY `discount_id` bigint(20) UNSIGNED NOT NULL AUTO_INCREMENT, AUTO_INCREMENT=2;

--
-- AUTO_INCREMENT for table `discounts_use`
--
ALTER TABLE `discounts_use`
  MODIFY `discount_use_id` bigint(20) UNSIGNED NOT NULL AUTO_INCREMENT;

--
-- AUTO_INCREMENT for table `gallery`
--
ALTER TABLE `gallery`
  MODIFY `image_id` bigint(20) NOT NULL AUTO_INCREMENT, AUTO_INCREMENT=7;

--
-- AUTO_INCREMENT for table `likes`
--
ALTER TABLE `likes`
  MODIFY `like_id` bigint(20) UNSIGNED NOT NULL AUTO_INCREMENT, AUTO_INCREMENT=40;

--
-- AUTO_INCREMENT for table `orders`
--
ALTER TABLE `orders`
  MODIFY `order_id` bigint(20) NOT NULL AUTO_INCREMENT, AUTO_INCREMENT=17;

--
-- AUTO_INCREMENT for table `orders_item`
--
ALTER TABLE `orders_item`
  MODIFY `orders_item_id` bigint(20) UNSIGNED NOT NULL AUTO_INCREMENT, AUTO_INCREMENT=30;

--
-- AUTO_INCREMENT for table `payments`
--
ALTER TABLE `payments`
  MODIFY `payment_id` bigint(20) UNSIGNED NOT NULL AUTO_INCREMENT, AUTO_INCREMENT=11;

--
-- AUTO_INCREMENT for table `products`
--
ALTER TABLE `products`
  MODIFY `product_id` bigint(20) UNSIGNED NOT NULL AUTO_INCREMENT, AUTO_INCREMENT=39;

--
-- AUTO_INCREMENT for table `products_meta`
--
ALTER TABLE `products_meta`
  MODIFY `product_meta_id` bigint(20) UNSIGNED NOT NULL AUTO_INCREMENT, AUTO_INCREMENT=40;

--
-- AUTO_INCREMENT for table `products_relation`
--
ALTER TABLE `products_relation`
  MODIFY `relation_id` bigint(20) UNSIGNED NOT NULL AUTO_INCREMENT, AUTO_INCREMENT=49;

--
-- AUTO_INCREMENT for table `sections`
--
ALTER TABLE `sections`
  MODIFY `section_id` bigint(20) UNSIGNED NOT NULL AUTO_INCREMENT, AUTO_INCREMENT=5;

--
-- AUTO_INCREMENT for table `sections_meta`
--
ALTER TABLE `sections_meta`
  MODIFY `section_meta_id` bigint(20) UNSIGNED NOT NULL AUTO_INCREMENT, AUTO_INCREMENT=31;

--
-- AUTO_INCREMENT for table `shops`
--
ALTER TABLE `shops`
  MODIFY `shop_id` bigint(20) UNSIGNED NOT NULL AUTO_INCREMENT, AUTO_INCREMENT=8;

--
-- AUTO_INCREMENT for table `shops_meta`
--
ALTER TABLE `shops_meta`
  MODIFY `shop_meta_id` bigint(20) UNSIGNED NOT NULL AUTO_INCREMENT, AUTO_INCREMENT=19;

--
-- AUTO_INCREMENT for table `sms_log`
--
ALTER TABLE `sms_log`
  MODIFY `sms_id` bigint(20) UNSIGNED NOT NULL AUTO_INCREMENT, AUTO_INCREMENT=21;

--
-- AUTO_INCREMENT for table `states`
--
ALTER TABLE `states`
  MODIFY `state_id` int(10) UNSIGNED NOT NULL AUTO_INCREMENT, AUTO_INCREMENT=31;

--
-- AUTO_INCREMENT for table `support`
--
ALTER TABLE `support`
  MODIFY `support_id` bigint(20) NOT NULL AUTO_INCREMENT, AUTO_INCREMENT=11;

--
-- AUTO_INCREMENT for table `users`
--
ALTER TABLE `users`
  MODIFY `users_ID` bigint(20) UNSIGNED NOT NULL AUTO_INCREMENT, AUTO_INCREMENT=16;

--
-- AUTO_INCREMENT for table `users_meta`
--
ALTER TABLE `users_meta`
  MODIFY `users_meta_id` bigint(20) UNSIGNED NOT NULL AUTO_INCREMENT, AUTO_INCREMENT=13;
COMMIT;

/*!40101 SET CHARACTER_SET_CLIENT=@OLD_CHARACTER_SET_CLIENT */;
/*!40101 SET CHARACTER_SET_RESULTS=@OLD_CHARACTER_SET_RESULTS */;
/*!40101 SET COLLATION_CONNECTION=@OLD_COLLATION_CONNECTION */;
